ST_CASE,VE_TOTAL,PEDS,PERSONS,COUNTY,MONTH,DAY_WEEK,YEAR,HOUR,FUNC_SYS,ROUTE,LATITUDE,LONGITUD,HARM_EV,MAN_COLL,RELJCT2,TYP_INT,REL_ROAD,WRK_ZONE,LGT_COND,WEATHER,SCH_BUS,FATALS,DRUNK_DR,AGE,SEX_1,SEX_2,SEX_8,SEX_9,REST_MIS,DRUGS,BT_Sedan,BT_Pickup,BT_SUV_Van,BT_Motorcyle,BT_Truck,BT_Bus,BT_Unknown_Other,BT_Motorcycle,OOS_REG,TRAV_SP,DR_DRINK,PREV_ACC,PREV_DWI,PREV_SPD,SPEED_REL,VSPD_LIM,ACC_TYPE_A,ACC_TYPE_B,ACC_TYPE_C,ACC_TYPE_D,ACC_TYPE_E,ACC_TYPE_F,ACC_TYPE_G,ACC_TYPE_H,ACC_TYPE_I,ACC_TYPE_J,ACC_TYPE_K,ACC_TYPE_L,ACC_TYPE_M,MDRDSTRD,MVIOLATN
410001,1,1,1,71,1,5,2015,6,5,3,45.0962,-123.4242972,15,0,1,1,1,0,3,1,0,1,0,73,1,1,0,0,0,9,1,0,0,0,0,0,0,0.0,0,999,0,1,0,0,0,45,0,0,1,0,0,0,0,0,0,0,0,0,0,99,0
410002,2,0,3,43,1,5,2015,19,3,3,44.55538889,-123.0301944,12,2,1,1,1,0,2,1,0,2,0,20,2,1,0,0,1,9,2,0,0,0,0,0,0,0.0,0,999,0,0,0,2,9,55,0,0,0,0,0,0,1,0,0,0,0,0,0,99,0
410003,1,1,1,51,1,5,2015,18,3,2,45.47661667,-122.5346667,8,0,3,3,1,0,2,1,0,1,0,51,1,1,0,0,0,9,1,0,0,0,0,0,0,0.0,0,999,0,0,0,0,0,0,0,0,1,0,0,0,0,0,0,0,0,0,0,0,0
410004,2,0,3,67,1,1,2015,10,5,4,45.53831111,-123.0423361,12,2,1,1,1,0,1,2,0,1,0,42,1,2,0,0,0,0,1,0,1,0,0,0,0,0.0,0,999,0,2,0,2,0,0,0,0,0,0,0,0,1,0,0,0,0,0,0,99,0
410005,2,0,4,67,1,3,2015,7,5,4,45.41917222,-123.0398472,12,7,1,1,1,0,4,1,0,1,0,23,1,3,0,0,0,9,0,0,2,0,0,0,0,0.0,0,999,0,1,0,11,0,0,0,0,0,0,0,1,0,0,0,0,0,0,0,99,0
410006,1,2,1,47,1,2,2015,17,3,6,44.95018333,-122.9934333,8,0,4,1,1,0,3,10,0,2,0,57,2,1,0,0,0,9,0,1,0,0,0,0,0,0.0,0,999,0,0,0,1,9,0,0,0,1,0,0,0,0,0,0,0,0,0,0,99,0
410007,1,0,1,29,1,6,2015,19,6,4,42.535025,-123.1901583,1,0,2,3,1,0,2,5,0,1,1,38,1,0,0,0,0,9,0,0,1,0,0,0,0,0.0,0,999,1,0,0,0,1,0,0,0,0,0,0,0,0,0,0,0,0,0,1,99,0
410008,1,1,2,3,1,1,2015,17,3,3,44.587275,-123.2539444,8,0,1,1,1,0,2,10,0,1,0,60,2,1,0,0,0,9,0,1,0,0,0,0,0,0.0,0,999,0,0,0,0,0,0,0,0,1,0,0,0,0,0,0,0,0,0,0,99,0
410009,1,0,1,9,1,3,2015,18,4,3,45.92410556,-123.1420111,1,0,1,1,5,0,2,10,0,1,1,35,1,0,0,0,0,9,1,0,0,0,0,0,0,0.0,0,999,1,1,0,1,9,0,0,1,0,0,0,0,0,0,0,0,0,0,0,99,0
410010,1,0,1,35,1,1,2015,2,7,4,42.03869722,-121.5482389,30,0,1,1,4,0,2,2,0,1,1,18,1,0,0,0,0,9,0,1,0,0,0,0,0,0.0,0,999,1,0,0,0,1,0,0,1,0,0,0,0,0,0,0,0,0,0,0,99,0
410011,1,1,1,67,1,4,2015,2,3,3,45.44081944,-122.7495528,8,0,1,1,1,0,3,1,0,1,0,37,1,1,0,0,0,9,0,0,0,0,0,0,0,0.0,1,999,0,0,0,2,0,0,0,0,1,0,0,0,0,0,0,0,0,0,0,99,0
410012,1,0,1,39,1,5,2015,99,6,4,43.77559722,-122.9197778,34,0,1,1,4,0,9,99,0,1,0,75,1,0,0,0,0,9,1,0,0,0,0,0,0,0.0,0,999,0,0,0,0,9,0,0,0,0,0,0,0,0,0,0,0,0,0,1,99,0
410013,2,0,2,7,1,3,2015,16,3,2,46.18635833,-123.8555389,12,6,2,3,1,0,2,1,0,1,0,59,1,1,0,0,0,9,1,1,0,0,0,0,0,0.0,0,999,0,0,0,1,9,0,0,0,0,0,0,0,0,0,0,0,0,1,0,99,0
410014,1,2,1,67,1,5,2015,19,4,4,45.50880833,-122.7705222,8,0,3,2,1,0,2,10,0,1,0,66,1,2,0,0,0,9,0,0,1,0,0,0,0,0.0,0,999,0,1,0,0,0,0,0,0,1,0,0,0,0,0,0,0,0,0,0,1,0
410015,1,0,3,47,1,2,2015,18,5,4,45.07091111,-122.8586,42,0,1,1,4,0,2,5,0,1,0,22,2,1,0,0,0,9,0,1,0,0,0,0,0,0.0,0,999,0,0,0,0,1,0,0,0,0,0,0,0,0,0,0,0,0,0,1,99,1
410016,3,0,5,43,1,2,2015,18,4,3,44.35589444,-123.1084083,12,2,1,1,1,0,2,5,0,1,0,44,2,3,0,0,0,9,3,0,0,0,0,0,0,0.0,0,999,0,0,0,1,0,0,0,0,0,0,0,0,1,0,0,0,0,0,1,0,0
410017,2,0,2,47,1,3,2015,0,1,1,44.97880556,-122.9919083,12,1,1,1,1,1,2,5,0,1,1,999,1,0,0,1,0,9,1,0,0,0,0,0,1,0.0,99,999,1,0,0,0,9,60,0,0,0,1,0,0,0,0,0,0,0,0,0,99,0
410018,1,0,1,37,1,3,2015,14,5,4,43.34090833,-120.9388139,1,0,1,1,4,0,1,1,0,1,0,31,0,1,0,0,0,9,1,0,0,0,0,0,0,0.0,0,999,0,1,0,0,0,99,0,1,0,0,0,0,0,0,0,0,0,0,0,10,0
410019,1,0,1,19,1,5,2015,16,1,1,43.03313056,-123.3250722,20,0,1,1,4,0,1,10,0,1,0,58,1,0,0,0,0,9,1,0,0,0,0,0,0,0.0,0,999,0,0,0,0,9,65,1,0,0,0,0,0,0,0,0,0,0,0,0,99,0
410020,3,0,4,39,1,5,2015,6,4,3,44.16872778,-123.2014889,12,2,1,1,1,0,4,5,0,2,0,34,3,1,0,0,0,9,0,0,2,0,1,0,0,0.0,0,999,0,1,2,1,0,0,0,0,0,0,0,0,1,0,0,0,0,0,1,0,0
410021,2,0,3,39,1,5,2015,8,5,4,44.14962778,-123.1772306,12,6,2,3,1,0,1,5,0,1,0,39,3,0,0,0,0,9,0,0,1,0,1,0,0,0.0,0,999,0,0,0,0,0,0,0,0,0,0,0,0,0,0,0,1,0,0,0,99,0
410022,1,0,1,19,1,6,2015,10,7,8,43.86203889,-123.7191333,42,0,1,1,4,0,1,98,0,1,0,68,1,0,0,0,0,9,0,0,0,0,1,0,0,0.0,0,999,0,0,0,0,1,99,0,1,0,0,0,0,0,0,0,0,0,0,0,99,0
410023,1,0,1,5,1,6,2015,17,4,4,45.30551111,-122.6255667,42,0,1,1,4,0,2,1,0,1,1,45,1,0,0,0,0,9,0,0,0,0,0,0,0,1.0,0,999,1,0,0,2,9,0,1,0,0,0,0,0,0,0,0,0,0,0,0,99,0
410024,1,1,3,67,2,5,2015,18,4,6,45.47650278,-122.8033417,8,0,1,1,1,0,2,2,0,1,0,20,2,2,0,0,0,9,0,0,1,0,0,0,0,0.0,0,999,0,0,0,2,0,0,0,0,1,0,0,0,0,0,0,0,0,0,0,0,0
410025,2,1,2,51,2,5,2015,3,1,1,45.50509167,-122.5651194,8,0,1,1,1,0,3,2,0,1,0,999,1,1,0,1,0,9,0,0,0,0,0,0,1,0.0,99,999,0,0,0,0,0,0,0,0,1,0,0,0,0,0,0,0,0,0,1,99,0
410026,1,1,1,67,2,5,2015,23,3,6,45.51889722,-122.9928722,8,0,3,3,1,0,3,2,0,1,0,46,2,0,0,0,0,9,1,0,0,0,0,0,0,0.0,0,999,0,0,0,0,0,0,0,0,1,0,0,0,0,0,0,0,0,0,0,0,0
410027,2,0,3,53,2,1,2015,16,3,3,45.00799444,-123.4023028,12,2,1,1,1,0,1,2,0,1,0,54,2,1,0,0,0,9,1,0,1,0,0,0,0,0.0,0,999,0,0,0,0,9,0,0,0,0,0,0,0,1,0,0,0,0,0,0,99,0
410028,2,0,2,47,2,2,2015,8,4,4,45.25955278,-122.7431444,12,6,1,1,2,0,1,2,0,1,0,37,2,0,0,0,0,9,0,1,0,0,1,0,0,0.0,1,999,0,1,0,0,1,0,0,0,0,0,0,0,0,0,1,0,0,0,0,99,0
410029,1,1,1,39,2,2,2015,10,4,6,44.03790278,-123.0912389,8,0,3,10,1,0,1,2,0,1,0,66,1,1,0,0,0,9,0,0,0,0,1,0,0,0.0,0,999,0,0,0,0,9,99,0,0,1,0,0,0,0,0,0,0,0,0,0,99,0
410030,1,1,1,67,2,2,2015,15,3,3,45.43403056,-122.7649083,8,0,3,2,1,0,1,1,0,1,0,79,0,2,0,0,0,0,1,0,0,0,0,0,0,0.0,0,999,0,0,0,0,0,99,0,0,1,0,0,0,0,0,0,0,0,0,0,0,46
410031,1,0,2,5,2,2,2015,0,4,4,45.39798611,-122.5993944,30,0,1,1,4,0,2,1,0,1,1,46,2,0,0,0,0,9,1,0,0,0,0,0,0,0.0,0,999,1,0,0,0,1,0,1,0,0,0,0,0,0,0,0,0,0,0,0,0,0
410032,1,1,1,43,2,3,2015,17,4,6,44.61743333,-123.1314944,24,0,1,1,4,0,5,1,0,1,0,42,1,1,0,0,0,0,1,0,0,0,0,0,0,0.0,0,999,0,0,0,0,1,0,1,0,0,0,0,0,0,0,0,0,0,0,0,9,0
410033,1,0,1,39,2,3,2015,13,7,4,44.14759722,-122.9451722,42,0,1,1,4,0,1,1,0,1,1,40,1,0,0,0,0,9,0,1,0,0,0,0,0,0.0,0,999,1,1,0,0,9,0,0,0,0,0,0,0,0,0,0,0,0,0,1,99,0
410034,1,0,1,39,2,4,2015,7,5,4,44.00683056,-123.2615722,31,0,1,1,5,0,4,1,0,1,1,27,1,0,0,0,0,9,0,0,1,0,0,0,0,0.0,0,999,1,1,0,0,9,0,0,0,0,0,0,0,0,0,0,0,0,0,1,99,0
410035,2,0,2,39,2,4,2015,7,5,4,43.75722778,-122.4851861,12,2,1,1,1,0,1,1,0,1,0,67,1,1,0,0,0,9,1,0,1,0,0,0,0,0.0,0,999,0,0,0,1,9,0,0,0,0,0,0,0,1,0,0,0,0,0,0,99,0
410036,2,0,2,19,2,4,2015,10,4,6,43.2387,-123.3689194,1,0,2,3,1,0,1,10,0,1,0,38,1,1,0,0,0,9,0,1,0,0,0,0,0,1.0,0,999,0,1,0,1,1,0,0,0,0,0,0,0,0,0,0,0,0,0,1,0,0
410037,1,0,1,29,2,4,2015,14,5,4,42.43284167,-123.1827528,42,0,1,1,4,0,1,1,0,1,0,62,1,0,0,0,0,9,0,1,0,0,0,0,0,0.0,0,999,0,0,0,0,9,0,0,0,0,0,0,0,0,0,0,0,0,0,1,99,0
410038,1,0,3,67,2,6,2015,9,3,2,45.69774444,-123.2156278,42,0,1,1,4,0,1,10,0,1,0,63,1,2,0,0,0,0,1,0,0,0,0,0,0,0.0,0,999,0,0,0,0,0,0,1,0,0,0,0,0,0,0,0,0,0,0,0,99,0
410039,2,0,3,5,2,6,2015,18,4,4,45.311175,-122.4560222,12,2,1,1,1,0,2,1,0,1,0,27,2,1,0,0,0,9,1,0,1,0,0,0,0,0.0,0,999,0,2,0,0,1,0,0,0,0,0,0,0,1,0,0,0,0,0,0,99,0
410040,1,1,2,67,2,7,2015,19,3,3,45.499625,-122.9228444,8,0,1,1,1,0,2,1,0,1,0,22,1,2,0,0,0,9,0,0,1,0,0,0,0,0.0,0,999,0,0,0,1,0,0,0,0,1,0,0,0,0,0,0,0,0,0,0,0,0
410041,1,4,1,39,2,1,2015,16,3,3,44.0457,-122.9347111,8,0,3,2,1,0,1,1,0,3,0,22,3,2,0,0,0,9,0,1,0,0,0,0,0,0.0,0,999,0,0,0,0,0,0,0,0,1,0,0,0,0,0,0,0,0,0,0,99,3
410042,1,1,1,33,2,3,2015,20,4,3,42.42476944,-123.2799917,8,0,1,1,1,0,2,98,0,1,0,52,1,1,0,0,0,9,0,0,1,0,0,0,0,0.0,0,999,0,0,0,0,0,0,0,0,1,0,0,0,0,0,0,0,0,0,0,99,0
410043,1,0,1,67,2,3,2015,19,4,4,45.45085833,-122.9464972,1,0,1,1,4,0,2,1,0,1,0,67,1,0,0,0,0,9,0,0,0,0,0,0,0,1.0,0,999,0,0,0,0,1,0,0,0,0,0,0,0,0,0,0,0,0,0,1,99,0
410044,1,1,1,7,2,4,2015,18,3,2,46.00975,-123.9131944,8,0,1,1,1,0,2,2,0,1,0,53,2,0,0,0,0,9,1,0,0,0,0,0,0,0.0,0,999,0,0,0,0,0,0,0,0,1,0,0,0,0,0,0,0,0,0,0,0,0
410045,2,0,2,51,2,4,2015,16,3,6,45.57351111,-122.6297889,12,6,1,1,1,0,1,2,0,1,1,40,2,0,0,0,0,9,2,0,0,0,0,0,0,0.0,0,999,1,1,0,1,1,0,0,0,0,0,0,1,0,0,0,0,0,0,0,5,0
410046,1,0,1,35,2,4,2015,13,5,6,42.58188611,-121.8594278,42,0,3,3,4,0,1,1,0,1,0,40,1,0,0,0,0,9,0,0,1,0,0,0,0,0.0,0,999,0,0,0,0,9,99,1,0,0,0,0,0,0,0,0,0,0,0,0,99,0
410047,3,0,5,39,2,5,2015,18,3,3,43.96291389,-122.9216528,54,11,1,1,1,0,2,2,0,1,1,37,4,1,0,0,0,9,0,2,0,0,1,0,0,0.0,1,999,1,0,0,1,9,0,0,0,0,0,0,0,0,0,0,0,0,0,1,99,0
410048,2,0,2,67,2,6,2015,13,1,1,45.33756667,-122.7695417,1,0,1,1,1,0,1,10,0,1,1,32,2,0,0,0,0,9,1,0,0,0,0,0,0,1.0,0,999,1,1,0,2,1,0,0,0,0,0,0,0,0,0,0,0,0,0,1,0,0
410049,1,1,4,67,3,1,2015,1,3,3,45.49743333,-122.9017611,8,0,1,1,1,0,6,98,0,1,1,30,2,3,0,0,0,9,1,0,0,0,0,0,0,0.0,1,999,1,1,0,0,9,0,0,0,1,0,0,0,0,0,0,0,0,0,0,99,11
410050,1,0,3,33,3,1,2015,22,7,6,42.45343611,-123.3176222,42,0,1,1,4,0,2,1,0,1,0,18,1,2,0,0,0,9,1,0,0,0,0,0,0,0.0,0,999,0,2,0,0,1,0,0,0,0,0,0,0,0,0,0,0,0,0,1,99,1
410051,2,1,4,19,3,7,2015,23,3,3,43.21328056,-123.3037278,8,0,1,1,1,0,2,1,0,1,0,35,3,2,0,0,0,9,0,2,0,0,0,0,0,0.0,0,999,0,0,0,0,0,0,0,0,1,0,0,0,0,0,0,0,0,0,1,0,0
410052,1,0,1,13,3,7,2015,16,5,4,44.069425,-119.7979167,17,0,1,1,4,0,1,1,0,1,1,69,1,0,0,0,0,9,0,1,0,0,0,0,0,0.0,0,999,1,0,0,0,9,99,0,1,0,0,0,0,0,0,0,0,0,0,0,99,0
410053,5,0,12,51,3,7,2015,15,1,1,45.59220556,-122.682725,12,1,1,1,1,0,1,1,0,1,0,20,5,7,0,0,0,9,4,0,1,0,0,0,0,0.0,1,999,0,2,1,7,1,0,0,0,0,1,0,0,0,0,0,0,0,0,1,0,0
410054,1,1,1,51,3,4,2015,10,4,6,45.52388056,-122.6702778,15,0,3,3,1,0,1,2,0,1,0,49,2,0,0,0,0,0,0,0,0,0,0,0,0,0.0,1,999,0,1,0,0,0,0,0,0,1,0,0,0,0,0,0,0,0,0,0,0,45
410055,1,1,1,33,1,3,2015,19,5,4,42.69519722,-123.3953139,8,0,1,1,1,0,3,5,0,1,0,44,1,1,0,0,0,0,0,0,1,0,0,0,0,0.0,0,999,0,0,0,0,9,0,0,0,1,0,0,0,0,0,0,0,0,0,0,99,79
410056,2,0,2,47,1,7,2015,22,4,4,45.03521389,-123.0005,12,6,2,2,1,0,2,1,0,1,1,20,2,0,0,0,0,1,1,0,0,0,0,0,0,1.0,0,35,1,0,0,3,0,0,0,0,0,0,0,0,0,0,0,0,0,1,0,99,0
410057,1,0,1,19,2,6,2015,15,1,1,42.74885556,-123.365275,1,0,1,1,3,0,1,10,0,1,0,51,1,0,0,0,0,9,0,0,1,0,0,0,0,0.0,0,999,0,1,0,2,1,0,0,1,0,0,0,0,0,0,0,0,0,0,0,99,0
410058,2,0,3,71,3,5,2015,10,3,3,45.23598889,-123.073275,12,6,1,1,1,0,1,10,0,1,0,35,2,1,0,0,0,9,0,0,1,0,1,0,0,0.0,0,999,0,1,0,4,0,0,0,0,0,0,0,0,0,0,1,0,0,0,0,99,0
410059,3,0,3,67,3,5,2015,11,3,6,45.44763611,-122.826025,12,1,3,2,1,0,1,1,0,1,0,46,2,1,0,0,0,1,2,1,0,0,0,0,0,0.0,1,999,0,1,0,0,9,0,0,0,0,1,0,0,0,0,0,0,0,0,1,0,0
410060,1,1,1,19,3,5,2015,23,3,3,43.11133889,-123.5157333,8,0,3,2,1,0,2,1,0,1,0,38,2,0,0,0,0,9,0,1,0,0,0,0,0,0.0,0,999,0,0,0,0,0,0,0,0,1,0,0,0,0,0,0,0,0,0,0,0,0
410061,1,0,1,5,3,7,2015,19,5,4,45.15818056,-122.5316528,42,0,1,1,4,0,2,2,0,1,1,58,1,0,0,0,0,9,1,0,0,0,0,0,0,0.0,0,999,1,0,0,0,9,0,1,0,0,0,0,0,0,0,0,0,0,0,0,99,0
410062,1,0,3,39,3,1,2015,21,5,4,43.94052222,-122.8230389,42,0,1,1,4,0,2,2,0,2,1,27,3,0,0,0,0,9,1,0,0,0,0,0,0,0.0,1,999,1,0,0,1,1,0,1,0,0,0,0,0,0,0,0,0,0,0,0,99,0
410063,1,1,1,39,3,3,2015,20,1,1,43.81113333,-123.039925,8,0,1,1,2,0,2,10,0,1,0,999,1,0,0,1,0,9,0,0,0,0,0,0,1,0.0,99,999,0,0,0,0,9,0,0,0,1,0,0,0,0,0,0,0,0,0,0,99,0
410064,1,0,1,39,3,4,2015,17,3,3,43.89061944,-122.7327194,24,0,1,1,4,0,1,1,0,1,1,57,1,0,0,0,0,9,0,1,0,0,0,0,0,0.0,0,999,1,0,0,0,9,0,0,0,0,0,0,0,0,0,0,0,0,0,1,99,0
410065,1,1,1,35,1,6,2015,19,4,6,42.19764722,-121.7571361,8,0,1,1,1,0,3,10,0,1,0,37,2,0,0,0,0,9,1,0,0,0,0,0,0,0.0,0,999,0,1,0,0,0,0,0,0,1,0,0,0,0,0,0,0,0,0,0,12,0
410066,2,0,6,5,1,1,2015,15,2,3,45.446525,-122.6322972,12,6,2,2,1,0,1,1,0,1,0,24,4,2,0,0,0,9,0,0,1,0,0,0,0,1.0,0,999,0,0,0,2,9,99,0,0,0,0,0,0,0,0,0,0,0,1,0,99,0
410067,1,1,1,5,1,2,2015,17,3,3,45.42752778,-122.634225,8,0,1,1,1,0,3,5,0,1,0,69,2,0,0,0,0,0,0,1,0,0,0,0,0,0.0,0,999,0,0,0,0,0,0,0,0,1,0,0,0,0,0,0,0,0,0,0,99,0
410068,1,0,1,47,3,5,2015,21,4,6,44.90175278,-123.0146222,33,0,1,1,4,0,3,1,0,1,1,26,1,0,0,0,1,0,1,0,0,0,0,0,0,0.0,0,999,1,0,0,2,1,0,0,1,0,0,0,0,0,0,0,0,0,0,0,99,0
410069,1,0,5,61,3,5,2015,19,1,1,45.09583056,-117.9530944,1,0,1,1,3,0,1,1,0,1,0,31,5,0,0,0,0,9,0,0,1,0,0,0,0,0.0,0,999,0,0,0,1,9,0,0,1,0,0,0,0,0,0,0,0,0,0,0,99,0
410070,2,0,3,33,3,7,2015,12,5,4,42.43733056,-123.2911,12,6,2,3,1,0,1,1,0,1,0,47,2,1,0,0,0,9,1,0,0,0,0,0,0,1.0,1,999,0,0,0,2,9,0,0,0,0,0,0,0,0,0,0,0,1,0,0,99,0
410071,1,0,2,19,3,3,2015,12,1,7,43.29028611,-123.3566806,24,0,3,3,4,0,1,1,0,1,0,23,0,2,0,0,0,1,1,0,0,0,0,0,0,0.0,0,999,0,2,0,0,1,99,0,0,1,0,0,0,0,0,0,0,0,0,0,99,0
410072,2,0,3,17,3,4,2015,23,3,2,43.85325,-121.4147528,12,1,1,1,1,0,2,1,0,1,0,57,3,0,0,0,0,9,0,1,1,0,0,0,0,0.0,1,999,0,1,0,0,9,0,0,0,0,1,0,0,0,0,0,0,0,0,0,99,0
410073,2,0,4,39,3,7,2015,10,3,3,43.70971111,-122.2951889,12,2,1,1,1,0,1,10,0,1,0,55,2,2,0,0,0,1,2,0,0,0,0,0,0,0.0,1,999,0,0,0,1,0,0,0,0,0,0,0,0,1,0,0,0,0,0,0,99,0
410074,1,0,1,29,3,1,2015,12,3,3,42.38680833,-122.3841361,24,0,1,1,4,0,1,1,0,1,0,57,0,1,0,0,0,0,0,0,0,0,0,0,0,1.0,0,999,0,0,0,0,9,0,1,0,0,0,0,0,0,0,0,0,0,0,0,99,0
410075,2,0,2,71,3,3,2015,11,5,6,45.21073056,-123.1943417,14,0,3,2,1,0,1,1,0,1,0,37,2,0,0,0,0,9,1,0,0,0,0,0,0,0.0,0,999,0,0,1,0,9,0,0,0,0,0,0,0,0,0,0,0,0,0,1,99,0
410076,1,0,1,57,4,4,2015,6,3,2,45.07243889,-123.9482139,24,0,1,1,4,0,2,2,0,1,0,57,1,0,0,0,0,9,1,0,0,0,0,0,0,0.0,0,999,0,0,0,2,1,0,1,0,0,0,0,0,0,0,0,0,0,0,0,99,0
410077,2,0,6,29,4,5,2015,12,5,4,42.53533056,-122.8021972,12,2,1,1,1,0,1,1,0,2,0,19,3,3,0,0,1,9,0,0,1,0,1,0,0,0.0,0,999,0,0,0,0,9,0,0,0,0,0,0,0,1,0,0,0,0,0,0,99,0
410078,2,0,3,43,4,6,2015,14,3,3,44.55586111,-123.0998667,12,6,1,1,1,0,1,2,0,2,0,31,2,1,0,0,0,9,2,0,0,0,0,0,0,0.0,0,999,0,0,0,0,0,0,0,0,0,0,0,0,0,0,1,0,0,0,0,99,0
410079,1,1,1,43,4,7,2015,0,5,7,44.65921667,-123.0596528,8,0,1,1,1,0,2,5,0,1,0,38,1,1,0,0,0,9,0,0,1,0,0,0,0,0.0,0,999,0,1,0,0,9,99,0,0,1,0,0,0,0,0,0,0,0,0,0,99,0
410080,1,1,1,67,4,1,2015,23,4,6,45.50048333,-122.8030889,8,0,1,1,1,0,2,10,0,1,0,53,0,2,0,0,0,9,0,1,0,0,0,0,0,0.0,0,999,0,0,0,0,0,0,0,0,1,0,0,0,0,0,0,0,0,0,0,0,0
410081,2,0,3,41,4,2,2015,0,3,2,44.61941667,-123.7019417,12,2,1,1,1,0,3,10,0,1,1,22,3,0,0,0,1,9,1,0,1,0,0,0,0,0.0,0,999,1,0,0,1,0,0,0,0,0,0,0,0,1,0,0,0,0,0,0,99,0
410082,1,1,1,29,4,3,2015,10,96,8,42.36530556,-122.8586806,8,0,1,1,5,0,1,2,0,1,0,64,1,1,0,0,0,9,0,1,0,0,0,0,0,0.0,0,999,0,0,0,0,0,0,0,0,0,0,0,0,0,0,0,0,0,0,1,99,0