ST_CASE,VE_TOTAL,PEDS,PERSONS,COUNTY,MONTH,DAY_WEEK,YEAR,HOUR,FUNC_SYS,ROUTE,LATITUDE,LONGITUD,HARM_EV,MAN_COLL,RELJCT2,TYP_INT,REL_ROAD,WRK_ZONE,LGT_COND,WEATHER,SCH_BUS,FATALS,DRUNK_DR,AGE,SEX_1,SEX_2,SEX_8,SEX_9,REST_MIS,DRUGS,BT_Sedan,BT_Pickup,BT_SUV_Van,BT_Motorcyle,BT_Truck,BT_Bus,BT_Unknown_Other,BT_Motorcycle,OOS_REG,TRAV_SP,DR_DRINK,PREV_ACC,PREV_DWI,PREV_SPD,SPEED_REL,VSPD_LIM,ACC_TYPE_A,ACC_TYPE_B,ACC_TYPE_C,ACC_TYPE_D,ACC_TYPE_E,ACC_TYPE_F,ACC_TYPE_G,ACC_TYPE_H,ACC_TYPE_I,ACC_TYPE_J,ACC_TYPE_K,ACC_TYPE_L,ACC_TYPE_M,MDRDSTRD,MVIOLATN
410167,1,1,1,47,1,5,2015,5,4,6,44.93945833,-123.0167222,8,0,3,3,1,0,3,1,0,1,0,70,2,0,0,0,0,9,0,0,1,0,0,0,0,0.0,0,999,0,0,0,0,9,0,0,0,1,0,0,0,0,0,0,0,0,0,0,99,0
410168,1,1,1,39,1,2,2015,9,4,6,44.07148611,-123.0422583,8,0,8,1,1,0,1,10,0,1,0,40,1,1,0,0,0,9,1,0,0,0,0,0,0,0.0,0,999,0,0,0,0,0,0,0,0,1,0,0,0,0,0,0,0,0,0,0,0,0
410169,1,0,1,43,2,4,2015,19,5,4,44.7079,-122.91905,38,0,1,1,5,0,2,5,0,1,0,79,0,1,0,0,0,9,0,0,1,0,0,0,0,0.0,0,999,0,0,0,0,9,0,1,0,0,0,0,0,0,0,0,0,0,0,0,0,0
410170,1,0,1,9,2,5,2015,6,4,4,46.06313333,-123.02845,42,0,1,1,4,0,1,10,0,1,0,60,1,0,0,0,0,0,0,0,0,0,1,0,0,0.0,1,999,0,0,0,0,9,0,1,0,0,0,0,0,0,0,0,0,0,0,0,99,0
410171,1,0,1,5,2,6,2015,12,5,4,45.32159444,-122.3435139,38,0,1,1,4,0,1,10,0,1,0,59,1,0,0,0,0,9,0,1,0,0,0,0,0,0.0,0,999,0,0,0,0,1,99,0,1,0,0,0,0,0,0,0,0,0,0,0,99,0
410172,1,0,1,49,7,5,2015,23,3,2,45.83515,-119.6215083,1,0,3,3,8,0,2,1,0,1,1,58,1,0,0,0,0,9,0,0,0,0,0,0,0,1.0,0,999,1,0,0,0,0,99,0,1,0,0,0,0,0,0,0,0,0,0,0,99,0
410173,1,0,2,19,7,6,2015,20,5,6,42.92834444,-123.2700917,42,0,1,1,4,0,1,1,0,1,1,34,1,1,0,0,0,9,1,0,0,0,0,0,0,0.0,0,999,1,0,0,0,0,0,1,0,0,0,0,0,0,0,0,0,0,0,0,99,1
410174,1,0,1,65,7,2,2015,17,3,2,45.15678611,-121.6505528,24,0,1,1,4,0,1,1,0,1,0,63,1,0,0,0,0,9,0,0,0,0,0,0,0,1.0,1,999,0,0,0,0,1,0,1,0,0,0,0,0,0,0,0,0,0,0,0,99,0
410175,1,0,1,11,7,3,2015,21,5,4,43.43734167,-124.2366528,1,0,1,1,4,0,5,1,0,1,1,77,1,0,0,0,0,9,0,0,1,0,0,0,0,0.0,0,999,1,0,0,0,9,0,0,1,0,0,0,0,0,0,0,0,0,0,0,99,0
410176,1,0,1,69,7,5,2015,10,3,2,44.52263333,-119.7204917,17,0,1,1,4,0,1,1,0,1,0,64,1,0,0,0,0,9,0,0,0,0,0,0,0,1.0,0,999,0,0,0,1,1,0,1,0,0,0,0,0,0,0,0,0,0,0,0,99,0
410177,1,0,2,31,7,6,2015,21,7,4,44.49055556,-121.2292222,42,0,1,1,4,0,2,10,0,1,1,26,2,0,0,0,0,9,1,0,0,0,0,0,0,0.0,0,999,1,0,0,0,1,0,0,0,0,0,0,0,0,0,0,0,0,0,1,0,0
410178,1,0,1,39,7,6,2015,22,4,4,43.96096667,-122.9663694,1,0,1,1,4,0,2,2,0,1,1,52,0,1,0,0,0,9,0,1,0,0,0,0,0,0.0,0,999,1,0,0,1,0,0,0,0,0,0,0,0,0,0,0,0,0,0,1,99,0
410179,1,0,4,43,7,1,2015,4,5,4,44.33246111,-123.1899389,1,0,1,1,4,0,2,1,0,1,1,18,3,1,0,0,0,9,0,0,1,0,0,0,0,0.0,0,999,1,0,0,0,9,0,1,0,0,0,0,0,0,0,0,0,0,0,0,99,1
410180,1,0,1,61,7,1,2015,19,5,4,45.37760278,-117.84115,1,0,1,1,4,0,1,10,0,1,1,62,1,0,0,0,0,9,0,1,0,0,0,0,0,0.0,0,999,1,0,0,0,9,99,1,0,0,0,0,0,0,0,0,0,0,0,0,99,0
410181,1,0,6,39,7,2,2015,18,5,4,43.73486667,-122.8679639,25,0,1,1,4,0,1,1,0,1,1,19,5,1,0,0,0,9,0,1,0,0,0,0,0,0.0,0,999,1,2,0,2,1,0,0,1,0,0,0,0,0,0,0,0,0,0,0,99,1
410182,2,0,2,1,7,7,2015,1,1,1,44.58715278,-117.4620694,12,6,1,1,1,0,2,1,0,1,1,45,2,0,0,0,0,9,1,1,0,0,0,0,0,0.0,1,999,1,0,0,2,0,0,0,0,0,0,0,1,0,0,0,0,0,0,0,99,0
410183,1,0,1,19,8,7,2015,13,4,3,43.29,-123.353,24,0,1,1,4,0,1,5,0,1,0,40,1,0,0,0,0,9,0,0,0,0,1,0,0,0.0,0,999,0,0,0,0,9,0,0,0,0,0,0,0,0,0,0,0,0,0,1,99,0
410184,2,0,2,39,7,3,2015,12,5,3,43.96785833,-123.0124583,12,6,2,3,1,0,1,1,0,1,0,36,2,0,0,0,0,9,0,0,0,0,1,0,0,1.0,0,999,0,0,0,0,0,0,0,0,0,0,0,0,0,0,0,1,0,0,0,99,0
410185,2,0,3,71,8,6,2015,23,3,3,45.24215556,-123.104125,12,6,2,2,1,0,2,1,0,1,1,47,2,1,0,0,0,9,2,0,0,0,0,0,0,0.0,0,999,1,1,0,2,0,0,0,0,0,0,0,0,0,0,0,0,1,0,0,99,0
410186,2,0,2,5,4,4,2015,5,3,3,45.42416944,-122.590075,12,6,2,3,1,0,2,1,0,1,0,52,2,0,0,0,0,0,0,0,1,0,1,0,0,0.0,1,999,0,0,0,1,0,0,0,0,0,0,0,0,0,0,0,0,1,0,0,0,0
410187,1,1,2,39,6,2,2015,23,4,6,44.04101389,-123.0423278,8,0,1,1,1,0,2,10,0,1,0,26,2,1,0,0,0,9,1,0,0,0,0,0,0,0.0,1,999,0,0,0,1,9,0,0,0,1,0,0,0,0,0,0,0,0,0,0,99,0
410188,3,0,7,39,6,2,2015,9,5,4,44.11343056,-122.9227806,12,6,2,3,1,0,1,1,0,1,0,26,3,3,1,0,0,9,1,0,1,0,0,0,0,0.0,0,999,0,1,0,2,9,0,0,0,0,0,0,0,0,0,1,0,0,0,1,99,0
410189,2,0,2,51,8,4,2015,3,5,6,45.555525,-122.6121944,12,6,8,1,1,0,3,1,0,1,1,50,2,0,0,0,0,9,1,0,0,0,1,0,0,0.0,0,999,1,0,0,2,1,0,0,0,0,0,0,0,0,0,0,0,0,0,1,99,0
410190,3,0,5,25,6,5,2015,15,3,2,43.534075,-119.3341917,12,1,1,1,1,0,1,1,0,1,0,64,3,2,0,0,0,9,0,1,0,0,0,0,0,2.0,1,999,0,1,0,1,0,0,0,0,0,1,0,0,0,0,0,0,0,0,1,99,0
410191,1,0,3,41,8,7,2015,16,6,4,44.408,-124.0314722,31,0,1,1,4,0,1,1,0,1,1,35,2,1,0,0,0,9,1,0,0,0,0,0,0,0.0,0,999,1,0,1,0,1,99,1,0,0,0,0,0,0,0,0,0,0,0,0,99,0
410192,2,0,3,51,8,1,2015,20,4,6,45.62438889,-122.734575,12,6,1,1,1,0,5,1,0,1,1,23,2,1,0,0,0,9,0,1,0,0,0,0,0,1.0,1,999,1,0,0,4,1,0,0,0,0,0,0,0,0,0,0,0,0,0,1,99,0
410193,2,0,3,5,1,2,2015,10,4,3,45.30641944,-122.6628639,12,2,1,1,1,0,1,10,0,2,1,33,1,2,0,0,1,9,1,0,0,0,1,0,0,0.0,0,999,1,1,0,0,0,0,0,0,0,0,0,0,1,0,0,0,0,0,0,99,0
410194,2,0,1,51,8,4,2015,21,7,6,45.55983056,-122.6637056,14,0,1,1,4,0,3,1,0,1,1,56,0,1,0,0,0,9,1,0,0,0,0,0,0,0.0,0,999,1,1,0,0,0,99,0,0,0,0,0,0,0,0,0,0,0,0,1,99,0
410195,1,0,1,67,8,4,2015,18,5,4,45.74875,-123.2968806,34,0,1,1,4,0,8,10,0,1,0,24,1,0,0,0,0,0,0,0,0,0,0,0,0,1.0,0,999,0,1,0,1,0,99,0,1,0,0,0,0,0,0,0,0,0,0,0,99,0
410197,2,0,3,39,8,7,2015,22,4,6,44.01834722,-123.0922944,12,6,2,3,1,0,2,2,0,1,0,35,3,0,0,0,0,9,0,0,0,0,1,0,0,1.0,0,999,0,0,0,4,0,0,0,0,0,0,0,0,0,0,0,0,1,0,0,99,0
410198,2,0,3,71,7,5,2015,13,5,3,45.09890556,-123.0854833,12,2,1,1,1,0,1,1,0,1,0,69,2,1,0,0,0,0,2,0,0,0,0,0,0,0.0,0,999,0,0,0,1,0,0,0,0,0,0,0,0,1,0,0,0,0,0,0,99,0
410199,2,0,3,49,9,5,2015,21,1,1,45.84000833,-119.6794028,12,2,1,1,4,0,2,10,0,2,0,23,1,2,0,0,1,1,2,0,0,0,0,0,0,0.0,1,999,0,0,0,1,0,0,0,0,0,0,0,0,1,0,0,0,0,0,0,99,0
410200,1,0,6,33,8,1,2015,0,7,4,42.44690833,-123.479825,1,0,1,1,4,0,2,1,0,1,1,16,0,6,0,0,0,9,0,0,1,0,0,0,0,0.0,0,999,1,1,1,1,0,0,1,0,0,0,0,0,0,0,0,0,0,0,0,99,1
410201,1,0,1,65,7,3,2015,20,5,3,45.11374722,-121.3554889,58,0,1,1,4,0,1,1,0,1,0,48,1,0,0,0,0,9,0,0,0,0,0,0,0,1.0,0,999,0,0,0,0,1,0,1,0,0,0,0,0,0,0,0,0,0,0,0,99,0
410202,1,0,1,11,7,4,2015,11,3,3,43.05594167,-124.1314611,33,0,1,1,4,0,1,1,0,1,0,65,1,0,0,0,0,9,0,0,0,0,0,0,0,1.0,0,999,0,0,0,0,0,0,1,0,0,0,0,0,0,0,0,0,0,0,0,99,0
410203,2,0,3,43,7,1,2015,12,5,4,44.61519444,-123.0326083,12,6,2,2,1,0,1,1,0,2,0,45,1,2,0,0,0,9,0,0,2,0,0,0,0,0.0,0,999,0,0,0,1,0,0,0,0,0,0,0,0,0,0,0,0,0,1,0,99,0
410204,1,0,1,41,7,4,2015,20,7,4,45.03615278,-123.9686667,35,0,1,1,4,0,5,1,0,1,1,54,1,0,0,0,0,9,0,1,0,0,0,0,0,0.0,0,999,1,0,0,0,1,0,1,0,0,0,0,0,0,0,0,0,0,0,0,99,0
410205,2,0,2,35,7,6,2015,21,3,2,43.60768333,-121.5550639,12,2,1,1,1,0,2,1,0,1,1,53,1,1,0,0,0,9,1,1,0,0,0,0,0,0.0,1,999,1,0,0,2,1,0,0,0,0,0,0,0,1,0,0,0,0,0,0,99,0
410206,1,0,1,67,7,5,2015,15,4,6,45.37496389,-122.8054444,42,0,1,1,4,0,1,1,0,1,0,46,1,0,0,0,0,0,0,0,0,0,0,0,0,1.0,0,999,0,0,0,0,1,0,0,0,0,0,0,0,0,0,0,0,0,0,1,99,0
410207,1,0,4,15,9,7,2015,16,3,2,42.34790556,-124.4171667,24,0,1,1,4,0,1,1,0,1,1,67,2,2,0,0,0,9,0,0,1,0,0,0,0,0.0,1,999,1,0,0,0,9,0,1,0,0,0,0,0,0,0,0,0,0,0,0,99,0
410208,2,0,2,51,9,5,2015,6,3,6,45.59571389,-122.7341778,12,2,1,1,1,0,1,1,0,1,0,47,2,0,0,0,0,0,1,0,1,0,0,0,0,0.0,0,999,0,1,0,0,0,99,0,0,0,0,0,0,1,0,0,0,0,0,0,99,0
410209,1,1,1,51,7,7,2015,21,5,6,45.49028889,-122.6013028,8,0,3,3,1,0,3,1,0,1,0,999,0,1,1,0,0,9,0,0,0,0,0,0,0,1.0,99,999,0,0,0,0,0,0,0,0,1,0,0,0,0,0,0,0,0,0,0,99,0
410210,2,0,2,51,8,6,2015,1,1,1,45.507675,-122.5651917,12,1,1,1,1,0,3,1,0,1,1,45,2,0,0,0,0,9,1,0,0,0,0,0,0,1.0,0,999,1,0,0,1,1,0,0,0,0,1,0,0,0,0,0,0,0,0,0,99,0
410211,1,0,1,27,7,1,2015,6,5,6,45.67875278,-121.8586167,52,0,1,1,4,0,1,1,0,1,1,65,1,0,0,0,0,9,0,1,0,0,0,0,0,0.0,1,999,1,0,0,0,9,99,1,0,0,0,0,0,0,0,0,0,0,0,0,99,0
410212,1,0,1,27,7,1,2015,21,5,3,45.62108889,-121.6082444,30,0,1,1,4,0,5,1,0,1,1,51,1,0,0,0,0,9,0,1,0,0,0,0,0,0.0,0,999,1,0,0,1,0,0,1,0,0,0,0,0,0,0,0,0,0,0,0,99,0
410213,1,0,1,3,7,2,2015,14,4,3,44.47623333,-123.2731917,42,0,1,1,4,0,1,1,0,1,0,63,1,0,0,0,0,0,0,0,1,0,0,0,0,0.0,0,999,0,1,0,0,0,0,0,1,0,0,0,0,0,0,0,0,0,0,0,0,0
410214,2,0,3,1,9,3,2015,21,1,1,44.54450556,-117.4189417,25,0,1,1,4,0,2,1,0,1,1,52,2,1,0,0,0,9,0,1,0,0,0,0,0,1.0,1,999,1,0,0,0,0,0,1,0,0,0,0,0,0,0,0,0,0,0,1,99,0
410215,2,0,5,39,9,3,2015,17,4,3,44.278925,-123.2399139,12,6,1,1,1,0,1,1,0,2,0,23,4,1,0,0,0,9,0,1,0,0,0,0,0,0.0,0,999,0,0,0,0,0,0,0,0,0,0,0,0,0,0,1,0,0,0,0,0,0
410216,2,0,6,33,9,5,2015,17,3,2,42.18854444,-123.6475639,12,2,1,1,1,0,1,1,0,3,1,28,5,1,0,0,0,9,1,1,0,0,0,0,0,0.0,1,999,1,0,0,0,0,0,0,0,0,0,0,0,1,0,0,0,0,0,0,99,0
410217,1,0,1,51,9,1,2015,6,3,2,45.49741667,-122.5825611,33,0,1,1,3,0,4,10,0,1,1,23,0,1,0,0,0,9,1,0,0,0,0,0,0,0.0,0,999,1,0,0,5,1,0,0,1,0,0,0,0,0,0,0,0,0,0,0,99,0
410218,2,0,3,5,9,2,2015,9,4,3,45.14994444,-122.6136722,12,2,1,1,1,0,1,10,0,1,0,16,1,2,0,0,0,0,1,1,0,0,0,0,0,0.0,0,999,0,0,0,0,0,0,0,0,0,0,0,0,1,0,0,0,0,0,0,0,0
410219,1,0,1,35,9,4,2015,16,5,4,42.42823056,-121.5182333,1,0,1,1,4,0,1,1,0,1,1,64,1,0,0,0,0,9,0,0,1,0,0,0,0,0.0,0,999,1,0,0,0,0,99,0,1,0,0,0,0,0,0,0,0,0,0,0,99,0
410220,1,0,4,29,8,5,2015,14,7,4,42.651825,-122.8155694,17,0,1,1,4,0,1,1,0,1,0,19,2,2,0,0,0,9,0,1,0,0,0,0,0,0.0,0,999,0,0,0,0,1,99,0,1,0,0,0,0,0,0,0,0,0,0,0,99,1
410221,1,0,1,47,7,2,2015,20,7,4,45.17321944,-122.9103944,42,0,1,1,4,0,5,1,0,1,0,35,1,0,0,0,0,9,1,0,0,0,0,0,0,0.0,0,999,0,0,0,1,1,0,1,0,0,0,0,0,0,0,0,0,0,0,0,99,0
410222,1,0,2,29,7,2,2015,13,1,1,42.4255,-123.0399639,24,0,5,1,4,0,1,1,0,1,1,49,0,2,0,0,0,0,0,1,0,0,0,0,0,0.0,0,999,1,0,0,0,1,0,1,0,0,0,0,0,0,0,0,0,0,0,0,99,1
410223,1,0,1,3,7,5,2015,23,4,3,44.38301389,-123.2872889,42,0,1,1,4,0,2,1,0,1,0,18,1,0,0,0,0,9,0,1,0,0,0,0,0,0.0,0,999,0,0,0,0,9,0,0,1,0,0,0,0,0,0,0,0,0,0,0,99,0
410224,2,0,2,51,7,3,2015,15,4,6,45.47626944,-122.5006611,12,2,1,1,1,0,1,1,0,1,1,45,1,1,0,0,0,9,1,0,1,0,0,0,0,0.0,0,999,1,0,0,1,0,0,0,0,0,0,0,0,1,0,0,0,0,0,0,99,0
410225,7,0,13,67,9,3,2015,19,3,3,45.49403056,-122.8683083,12,1,3,2,1,0,1,1,0,1,0,38,5,8,0,0,0,9,4,2,1,0,0,0,0,0.0,1,999,0,1,0,4,1,0,0,0,0,1,0,0,0,0,0,0,0,0,1,99,0
410226,2,0,2,41,7,6,2015,7,3,2,44.89341667,-124.0170889,12,1,1,1,1,0,4,1,0,1,0,47,2,0,0,0,0,0,1,0,0,0,1,0,0,0.0,0,999,0,0,0,0,0,0,0,0,0,1,0,0,0,0,0,0,0,0,0,0,0
410227,1,0,1,17,7,6,2015,5,3,2,44.33449444,-121.5925333,42,0,1,1,4,0,4,1,0,1,0,35,1,0,0,0,0,9,1,0,0,0,0,0,0,0.0,0,999,0,1,0,0,9,0,0,1,0,0,0,0,0,0,0,0,0,0,0,99,0
410228,2,0,2,59,7,6,2015,20,3,2,45.67600278,-118.8401583,12,6,2,2,1,0,5,1,0,1,0,30,2,0,0,0,0,9,0,1,0,0,0,0,0,1.0,0,999,0,0,0,1,0,0,0,0,0,0,0,0,0,0,0,0,0,1,0,0,0
410229,1,0,1,59,7,3,2015,11,3,2,45.29926944,-119.0053556,1,0,1,1,4,0,1,1,0,1,0,79,1,0,0,0,0,9,0,1,0,0,0,0,0,0.0,0,999,0,0,0,0,9,0,0,0,0,0,0,0,0,0,0,0,0,0,1,99,0
410230,1,0,4,19,8,1,2015,16,5,4,43.40914444,-123.2375667,34,0,1,1,4,0,1,10,0,1,0,13,1,3,0,0,1,9,1,0,0,0,0,0,0,0.0,0,999,0,0,0,0,1,0,1,0,0,0,0,0,0,0,0,0,0,0,0,99,0
410231,1,0,1,39,8,6,2015,99,5,4,43.98781111,-123.3154472,34,0,1,1,4,0,2,1,0,1,1,50,1,0,0,0,0,9,0,0,0,0,0,0,0,1.0,0,999,1,0,0,0,1,0,0,0,0,0,0,0,0,0,0,0,0,0,1,99,0
410232,2,0,3,29,8,7,2015,7,1,1,42.04782222,-122.606475,14,0,1,1,2,0,1,1,0,2,0,37,1,2,0,0,0,9,1,0,0,0,0,0,0,0.0,1,999,0,0,0,0,9,0,0,0,1,0,0,0,0,0,0,0,0,0,0,99,0
410233,1,1,1,51,8,6,2015,13,4,6,45.52693056,-122.6645528,8,0,3,3,1,0,1,1,0,1,0,61,0,2,0,0,0,9,1,0,0,0,0,0,0,0.0,1,999,0,0,0,0,0,0,0,0,1,0,0,0,0,0,0,0,0,0,0,0,0
410234,1,0,1,39,8,5,2015,99,5,4,43.70707778,-123.0737944,42,0,1,1,4,0,9,1,0,1,1,49,1,0,0,0,0,9,0,1,0,0,0,0,0,0.0,0,999,1,0,0,0,9,0,0,0,0,0,0,0,0,0,0,0,0,0,1,99,0
410235,1,0,2,23,8,1,2015,5,3,2,44.41522222,-119.1526861,1,0,1,1,4,0,2,1,0,1,1,16,2,0,0,0,0,1,0,0,1,0,0,0,0,0.0,0,999,1,0,0,0,1,0,0,1,0,0,0,0,0,0,0,0,0,0,0,99,0
410236,1,0,1,33,7,3,2015,23,5,3,42.14745833,-123.6016944,42,0,1,1,4,0,2,1,0,1,1,24,1,0,0,0,0,9,0,0,1,0,0,0,0,0.0,0,999,1,0,0,0,1,0,0,1,0,0,0,0,0,0,0,0,0,0,0,99,0
410237,1,0,1,39,7,3,2015,8,1,1,43.85028333,-123.0215278,33,0,5,1,4,0,1,1,0,1,1,32,1,0,0,0,0,9,0,0,0,0,0,0,0,1.0,0,999,1,0,0,2,1,99,1,0,0,0,0,0,0,0,0,0,0,0,0,99,0
410238,1,0,3,53,8,1,2015,7,3,3,45.05073333,-123.5043694,42,0,1,1,4,0,1,1,0,1,1,24,3,0,0,0,0,1,1,0,0,0,0,0,0,0.0,0,999,1,0,0,0,0,0,1,0,0,0,0,0,0,0,0,0,0,0,0,99,11
410239,3,0,8,17,7,4,2015,22,3,2,44.10921944,-121.3103333,12,6,2,2,1,0,2,1,0,1,0,30,3,5,0,0,0,9,2,1,0,0,0,0,0,0.0,0,999,0,4,0,2,0,0,0,0,0,0,0,0,0,0,0,0,0,1,1,99,0
410240,2,0,2,41,7,6,2015,14,3,2,44.66243611,-124.054925,12,6,2,3,1,0,1,1,0,1,0,72,1,1,0,0,0,0,2,0,0,0,0,0,0,0.0,0,999,0,0,0,0,0,0,0,0,0,0,0,0,0,0,0,0,1,0,0,99,0
410241,1,1,2,5,8,7,2015,20,3,2,45.39911111,-122.274775,8,0,1,1,1,0,2,1,0,1,0,65,1,2,0,0,0,9,0,1,0,0,0,0,0,0.0,0,999,0,0,0,0,0,0,0,0,1,0,0,0,0,0,0,0,0,0,0,99,0
410242,1,0,1,29,8,6,2015,18,5,6,42.46962778,-122.8152944,53,0,8,1,4,0,1,1,0,1,1,51,1,0,0,0,0,9,0,0,0,0,0,0,0,1.0,0,999,1,0,0,0,1,0,1,0,0,0,0,0,0,0,0,0,0,0,0,99,0
410243,1,1,2,51,8,2,2015,8,3,3,45.526425,-122.5790806,8,0,3,2,1,0,1,1,0,1,0,52,2,1,0,0,0,9,1,0,0,0,0,0,0,0.0,0,999,0,0,0,0,0,0,0,0,1,0,0,0,0,0,0,0,0,0,0,99,0
410244,1,1,1,65,8,6,2015,15,1,1,45.60149722,-121.1774556,8,0,1,1,1,0,1,1,0,1,0,51,0,2,0,0,0,9,0,0,1,0,0,0,0,0.0,1,999,0,0,0,0,0,0,0,0,1,0,0,0,0,0,0,0,0,0,0,0,0
410245,2,0,2,39,8,4,2015,9,4,6,44.09295833,-123.0730778,12,6,2,2,1,0,1,1,0,1,0,65,1,1,0,0,0,9,1,1,0,0,0,0,0,0.0,0,999,0,0,0,0,0,0,0,0,0,0,0,0,0,0,0,0,0,1,0,99,0
410246,2,0,2,5,1,6,2015,21,3,3,45.43266944,-122.3420556,12,6,2,3,1,0,2,1,0,1,0,35,1,1,0,0,0,9,0,0,1,0,0,0,0,1.0,0,999,0,1,1,3,1,0,0,0,0,0,0,0,0,0,0,0,1,0,0,0,0
410247,1,0,2,31,8,4,2015,10,3,2,44.52300833,-121.1806972,52,0,1,1,4,0,1,1,0,1,0,32,2,0,0,0,0,9,1,0,0,0,0,0,0,0.0,0,999,0,0,1,1,0,0,1,0,0,0,0,0,0,0,0,0,0,0,0,99,0
410248,2,0,2,45,8,5,2015,10,1,1,44.03804722,-116.9623833,12,1,1,1,1,0,1,1,0,1,0,40,2,0,0,0,0,9,0,0,0,0,1,0,0,0.0,1,999,0,0,0,0,0,0,0,0,0,1,0,0,0,0,0,0,0,0,0,0,0
410249,1,0,1,39,8,5,2015,14,3,3,44.09679167,-122.7056028,42,0,1,1,4,0,1,1,0,1,0,83,1,0,0,0,0,9,0,1,0,0,0,0,0,0.0,0,999,0,0,0,0,0,0,1,0,0,0,0,0,0,0,0,0,0,0,0,99,0