ST_CASE,VE_TOTAL,PEDS,PERSONS,COUNTY,MONTH,DAY_WEEK,YEAR,HOUR,FUNC_SYS,ROUTE,LATITUDE,LONGITUD,HARM_EV,MAN_COLL,RELJCT2,TYP_INT,REL_ROAD,WRK_ZONE,LGT_COND,WEATHER,SCH_BUS,FATALS,DRUNK_DR,AGE,SEX_1,SEX_2,SEX_8,SEX_9,REST_MIS,DRUGS,BT_Sedan,BT_Pickup,BT_SUV_Van,BT_Motorcyle,BT_Truck,BT_Bus,BT_Unknown_Other,BT_Motorcycle,OOS_REG,TRAV_SP,DR_DRINK,PREV_ACC,PREV_DWI,PREV_SPD,SPEED_REL,VSPD_LIM,ACC_TYPE_A,ACC_TYPE_B,ACC_TYPE_C,ACC_TYPE_D,ACC_TYPE_E,ACC_TYPE_F,ACC_TYPE_G,ACC_TYPE_H,ACC_TYPE_I,ACC_TYPE_J,ACC_TYPE_K,ACC_TYPE_L,ACC_TYPE_M,MDRDSTRD,MVIOLATN
410250,2,0,4,47,4,4,2015,14,3,6,44.96010278,-123.0155778,12,2,2,2,1,0,1,10,0,1,0,39,3,1,0,0,0,0,2,0,0,0,0,0,0,0.0,0,999,0,0,0,1,0,0,0,0,0,0,0,0,0,0,0,0,1,0,0,99,0
410251,1,0,2,47,6,6,2015,18,7,4,45.14349167,-122.9305694,1,0,3,3,1,0,1,1,0,1,1,33,1,1,0,0,0,9,0,0,1,0,0,0,0,0.0,0,999,1,0,0,0,1,99,0,0,0,0,0,0,0,0,0,0,0,0,1,99,1
410252,1,0,2,39,7,4,2015,20,3,3,44.04821667,-123.1784222,33,0,1,1,3,0,5,1,0,1,1,59,2,0,0,0,0,9,0,0,0,0,0,0,0,1.0,0,999,1,1,0,0,0,0,0,1,0,0,0,0,0,0,0,0,0,0,0,99,1
410253,1,1,1,39,9,6,2015,16,3,3,44.04583889,-122.9807778,8,0,3,3,1,0,1,1,0,1,0,81,1,1,0,0,0,9,0,1,0,0,0,0,0,0.0,0,999,0,0,0,0,0,99,0,0,1,0,0,0,0,0,0,0,0,0,0,0,0
410254,3,1,8,57,7,6,2015,14,4,3,45.59696111,-123.5060472,8,0,1,1,1,1,1,1,0,1,0,42,5,4,0,0,0,9,2,0,1,0,0,0,0,0.0,0,999,0,0,0,0,0,0,0,0,1,0,0,0,0,0,0,0,0,0,1,0,0
410255,7,0,2,13,7,7,2015,2,3,3,44.30293056,-120.8361278,12,6,2,2,1,0,3,1,0,1,1,26,2,0,0,0,0,9,1,1,0,0,0,0,0,0.0,0,999,1,3,0,1,1,0,0,0,0,0,0,0,0,0,0,0,0,1,0,99,0
410256,1,0,1,29,7,7,2015,20,4,3,42.72109444,-122.5347667,1,0,1,1,4,0,1,1,0,1,1,63,1,0,0,0,0,9,1,0,0,0,0,0,0,0.0,0,999,1,0,0,1,9,0,0,0,0,0,0,0,0,0,0,0,0,0,1,99,0
410257,1,0,1,53,9,4,2015,20,5,4,45.01503333,-123.1247944,1,0,3,3,4,0,2,10,0,1,1,85,1,0,0,0,0,9,1,0,0,0,0,0,0,0.0,0,999,1,0,0,1,9,0,0,1,0,0,0,0,0,0,0,0,0,0,0,99,0
410258,2,0,2,51,9,4,2015,16,3,2,45.49679722,-122.6314528,31,0,3,2,4,0,1,10,0,1,0,49,2,0,0,0,0,9,2,0,0,0,0,0,0,0.0,0,999,0,0,0,0,1,0,1,0,0,0,0,0,0,0,0,0,0,0,1,0,0
410259,2,0,3,19,9,1,2015,19,3,3,43.66008611,-123.7853944,12,2,1,1,1,0,2,1,0,1,0,54,1,2,0,0,0,9,1,1,0,0,0,0,0,0.0,0,999,0,0,0,0,0,0,0,0,0,0,0,0,1,0,0,0,0,0,0,99,0
410260,1,0,4,57,9,2,2015,19,5,4,45.70538889,-123.8528083,35,0,1,1,4,0,2,1,0,1,0,21,4,0,0,0,0,9,0,1,0,0,0,0,0,0.0,0,999,0,0,0,0,1,0,0,1,0,0,0,0,0,0,0,0,0,0,0,0,2
410261,3,0,3,39,9,3,2015,14,3,2,44.18365278,-124.1152833,12,6,1,1,1,0,1,1,0,1,0,53,3,0,0,0,0,9,0,0,0,0,0,0,0,3.0,1,999,0,0,0,0,0,0,0,0,0,0,0,1,0,0,0,0,0,0,1,0,0
410262,1,0,2,25,9,5,2015,20,3,2,43.53169444,-119.3137639,1,0,1,1,4,0,2,98,0,2,1,32,1,1,0,0,0,9,0,0,1,0,0,0,0,0.0,1,999,1,1,1,0,1,0,1,0,0,0,0,0,0,0,0,0,0,0,0,99,0
410263,1,0,1,45,9,5,2015,22,3,2,44.27433611,-117.6441083,1,0,1,1,4,0,2,1,0,1,0,63,1,0,0,0,0,9,0,1,0,0,0,0,0,0.0,0,999,0,0,0,0,9,0,0,1,0,0,0,0,0,0,0,0,0,0,0,99,0
410264,1,0,1,53,9,4,2015,21,6,4,45.0387,-123.4051917,1,0,1,1,4,0,2,1,0,1,1,48,1,0,0,0,0,9,0,0,0,0,0,0,0,1.0,0,999,1,0,0,2,1,99,1,0,0,0,0,0,0,0,0,0,0,0,0,99,0
410265,1,0,1,23,9,6,2015,16,5,4,99.9999,999.9999,42,0,1,1,4,0,1,1,0,1,0,59,1,0,0,0,0,9,0,0,0,0,1,0,0,0.0,0,999,0,0,0,2,9,0,0,0,0,0,0,0,0,0,0,0,0,0,1,99,0
410266,4,0,2,33,9,7,2015,15,3,3,42.421675,-123.3011278,12,6,1,1,1,0,1,1,0,1,1,64,2,0,0,0,0,9,0,2,0,0,0,0,0,0.0,0,999,1,0,0,2,9,0,0,0,0,0,0,0,0,0,0,0,0,0,1,99,0
410267,1,1,1,51,9,1,2015,2,5,6,45.51931667,-122.6358944,8,0,3,3,1,0,3,10,0,1,1,27,2,0,0,0,0,9,1,0,0,0,0,0,0,0.0,1,999,1,0,0,1,9,0,0,0,1,0,0,0,0,0,0,0,0,0,0,0,7
410268,1,0,1,29,9,1,2015,13,1,1,42.088725,-122.6032278,25,0,1,1,3,0,1,1,0,1,0,70,1,0,0,0,0,0,0,0,0,0,0,0,0,1.0,1,999,0,1,0,0,1,0,0,1,0,0,0,0,0,0,0,0,0,0,0,99,0
410269,2,0,2,71,9,4,2015,9,3,3,45.08489167,-123.4135778,12,6,2,2,1,0,1,1,0,1,0,39,1,1,0,0,1,9,1,0,0,0,1,0,0,0.0,0,999,0,1,0,0,0,0,0,0,0,0,0,0,0,0,0,0,0,1,0,99,0
410270,1,1,2,67,10,5,2015,19,3,6,45.53364167,-122.9312111,8,0,3,3,1,0,3,1,0,1,0,32,1,2,0,0,0,9,1,0,0,0,0,0,0,0.0,0,999,0,0,0,4,0,0,0,0,1,0,0,0,0,0,0,0,0,0,0,3,0
410271,1,1,1,5,9,6,2015,0,3,3,45.33055278,-122.5756278,8,0,1,1,1,0,3,1,0,1,0,24,2,0,0,0,0,9,1,0,0,0,0,0,0,0.0,0,999,0,0,0,0,0,0,0,0,1,0,0,0,0,0,0,0,0,0,0,99,72
410272,1,0,1,55,10,7,2015,0,3,2,45.55951944,-120.6910722,1,0,1,1,4,0,2,98,0,1,1,29,0,1,0,0,0,9,1,0,0,0,0,0,0,0.0,0,999,1,0,0,0,9,0,0,1,0,0,0,0,0,0,0,0,0,0,0,99,0
410273,1,1,3,35,10,1,2015,20,3,2,42.18063333,-121.8013583,8,0,1,1,1,0,2,1,0,1,0,27,2,2,0,0,0,9,1,0,0,0,0,0,0,0.0,0,999,0,0,0,0,0,0,0,0,1,0,0,0,0,0,0,0,0,0,0,0,0
410274,2,0,3,29,10,1,2015,16,6,4,42.40206111,-122.9685139,12,1,1,1,1,0,1,1,0,1,1,62,2,1,0,0,0,9,0,1,0,0,0,0,0,1.0,0,999,1,0,2,0,1,0,0,0,0,1,0,0,0,0,0,0,0,0,0,99,0
410275,2,0,2,61,10,2,2015,6,3,3,45.36230556,-118.0027194,12,2,1,1,1,0,4,1,0,1,0,24,2,0,0,0,0,9,0,0,1,0,1,0,0,0.0,1,999,0,0,0,0,0,0,0,0,0,0,0,0,1,0,0,0,0,0,0,99,0
410276,1,1,1,51,10,2,2015,8,3,6,45.52192778,-122.4771444,8,0,3,2,1,0,1,1,0,1,0,36,1,1,0,0,0,9,1,0,0,0,0,0,0,0.0,0,999,0,1,0,0,0,0,0,0,1,0,0,0,0,0,0,0,0,0,0,99,2
410277,1,0,7,59,9,5,2015,14,1,1,45.66473889,-118.8120444,1,0,1,1,3,0,1,1,0,1,0,39,5,2,0,0,0,9,0,0,1,0,0,0,0,0.0,1,999,0,0,0,1,9,0,0,1,0,0,0,0,0,0,0,0,0,0,0,99,0
410278,1,1,0,33,9,7,2015,1,4,4,42.49703889,-123.3618833,8,0,1,1,2,0,2,98,0,1,0,59,1,0,0,0,0,9,0,0,0,0,1,0,0,0.0,0,999,0,0,0,0,9,99,0,0,1,0,0,0,0,0,0,0,0,0,0,16,99
410279,2,0,2,17,10,5,2015,13,4,4,44.01530833,-121.2590083,12,2,1,1,1,0,1,1,0,1,0,49,2,0,0,0,0,9,0,1,0,0,1,0,0,0.0,0,999,0,0,0,1,1,0,0,0,0,0,0,0,1,0,0,0,0,0,0,0,0
410280,2,0,7,29,10,6,2015,14,5,4,42.52751944,-123.1625722,12,2,1,1,1,0,1,98,0,2,0,32,4,3,0,0,0,9,0,0,2,0,0,0,0,0.0,0,999,0,0,0,3,0,0,0,0,0,0,0,0,1,0,0,0,0,0,0,99,0
410281,1,0,1,53,10,1,2015,22,5,3,45.0523,-123.4977417,30,0,3,4,4,0,2,10,0,1,1,47,1,0,0,0,0,9,0,0,1,0,0,0,0,0.0,1,999,1,0,1,0,1,0,1,0,0,0,0,0,0,0,0,0,0,0,0,99,0
410282,2,0,2,51,9,1,2015,0,5,6,45.46695278,-122.7115944,12,6,2,3,1,0,3,1,0,1,1,28,2,0,0,0,0,9,0,0,1,0,0,0,0,1.0,0,999,1,0,0,1,0,0,0,0,0,0,0,0,0,0,0,0,1,0,0,99,0
410283,1,0,1,15,5,3,2015,10,3,2,42.31691389,-124.4163278,34,0,1,1,4,0,1,1,0,1,0,85,0,1,0,0,0,0,1,0,0,0,0,0,0,0.0,0,999,0,0,0,0,9,0,1,0,0,0,0,0,0,0,0,0,0,0,0,99,0
410284,1,0,1,67,10,3,2015,20,6,6,45.39699167,-122.9628556,34,0,1,1,4,0,2,1,0,1,0,42,1,0,0,0,0,9,0,0,0,0,0,0,0,1.0,0,999,0,0,0,2,9,0,0,0,0,0,0,0,0,0,0,0,0,0,1,99,0
410285,1,0,1,39,11,1,2015,17,5,4,44.00240278,-123.2697444,34,0,1,1,4,0,5,2,0,1,1,52,1,0,0,0,0,1,0,0,1,0,0,0,0,0.0,0,999,1,0,0,0,1,0,1,0,0,0,0,0,0,0,0,0,0,0,0,99,0
410286,1,1,1,51,11,1,2015,1,4,2,45.577125,-122.6975,8,0,1,1,1,0,3,10,0,1,1,24,2,0,0,0,0,9,0,0,1,0,0,0,0,0.0,0,999,1,1,0,0,0,0,0,0,1,0,0,0,0,0,0,0,0,0,0,99,1
410287,1,0,1,43,10,4,2015,2,3,3,44.56038333,-123.1207194,31,0,1,1,3,0,3,10,0,1,1,36,1,0,0,0,0,9,0,0,0,0,0,0,0,1.0,0,999,1,0,0,0,9,0,0,1,0,0,0,0,0,0,0,0,0,0,0,99,0
410288,1,0,1,33,11,5,2015,13,5,3,42.44195278,-123.4617028,42,0,1,1,4,0,1,10,0,1,1,43,1,0,0,0,0,9,0,0,0,0,0,0,0,1.0,0,999,1,0,1,0,1,0,0,0,0,0,0,0,0,0,0,0,0,0,1,99,0
410289,1,0,2,29,11,2,2015,16,1,1,42.08883611,-122.6032111,1,0,1,1,4,0,5,5,0,1,0,56,1,1,0,0,0,9,0,1,0,0,0,0,0,0.0,1,999,0,0,0,0,9,0,1,0,0,0,0,0,0,0,0,0,0,0,0,99,0
410290,1,0,2,33,10,6,2015,21,5,4,42.27177778,-123.5952556,1,0,1,1,4,0,2,1,0,2,1,23,2,0,0,0,0,9,1,0,0,0,0,0,0,0.0,0,999,1,0,0,0,1,0,0,1,0,0,0,0,0,0,0,0,0,0,0,99,0
410291,1,1,1,59,10,6,2015,6,4,3,45.84959722,-119.3043611,8,0,1,1,1,0,4,1,0,1,0,56,2,0,0,0,0,9,0,0,0,0,1,0,0,0.0,0,999,0,0,0,0,9,0,0,0,1,0,0,0,0,0,0,0,0,0,0,99,0
410292,1,0,4,9,10,7,2015,1,6,4,45.88973333,-122.9820861,1,0,1,1,4,0,2,10,0,1,1,25,4,0,0,0,0,9,0,1,0,0,0,0,0,0.0,0,999,1,0,0,0,1,0,0,1,0,0,0,0,0,0,0,0,0,0,0,99,0
410293,1,0,1,35,10,1,2015,16,3,2,42.87658889,-121.8311972,1,0,1,1,4,0,1,1,0,1,0,64,1,0,0,0,0,9,1,0,0,0,0,0,0,0.0,0,999,0,0,0,0,1,0,1,0,0,0,0,0,0,0,0,0,0,0,0,99,0
410294,2,0,2,39,10,5,2015,9,1,1,43.99468611,-123.0054222,12,6,1,1,1,0,1,1,0,1,0,65,2,0,0,0,0,9,1,1,0,0,0,0,0,0.0,1,999,0,0,0,0,1,0,0,0,0,0,0,1,0,0,0,0,0,0,0,99,0
410295,2,0,3,35,10,1,2015,16,5,3,42.59975,-121.9277556,12,2,2,2,1,0,1,2,0,1,0,15,0,3,0,0,0,9,2,0,0,0,0,0,0,0.0,0,999,0,0,0,1,1,0,0,0,0,0,0,0,0,0,0,0,0,1,0,99,99
410296,1,0,1,1,11,4,2015,10,4,3,44.6893,-117.8544861,1,0,1,1,4,0,1,10,0,1,0,51,1,0,0,0,0,9,1,0,0,0,0,0,0,0.0,0,999,0,0,0,0,9,99,1,0,0,0,0,0,0,0,0,0,0,0,0,99,0
410297,2,0,3,19,3,2,2015,16,4,4,43.26706944,-123.3528639,12,1,3,2,1,0,1,1,0,1,0,60,2,1,0,0,0,0,0,1,0,0,0,0,0,1.0,0,999,0,0,0,1,0,0,0,0,0,1,0,0,0,0,0,0,0,0,0,0,0
410298,2,0,3,47,10,6,2015,19,4,4,44.84546944,-123.1746083,12,6,2,2,1,0,5,10,0,1,2,35,3,0,0,0,0,9,1,0,0,0,0,0,0,1.0,0,999,1,0,0,0,0,0,0,0,0,0,0,0,0,0,0,0,1,0,0,99,0
410299,1,0,1,5,10,1,2015,7,4,3,45.07591667,-122.6837639,38,0,1,1,5,0,1,1,0,1,1,41,1,0,0,0,0,9,0,0,0,0,0,0,0,1.0,0,999,1,0,0,0,9,0,0,0,0,0,0,0,0,0,0,0,0,0,1,99,0
410300,2,0,3,59,10,2,2015,15,3,2,45.87915,-119.2953194,12,6,2,2,1,0,1,1,0,1,0,36,0,3,0,0,0,0,2,0,0,0,0,0,0,0.0,0,999,0,1,0,0,0,0,0,0,0,0,0,0,0,0,0,1,0,0,0,99,0
410301,1,1,1,17,11,1,2015,18,3,2,44.07504167,-121.302975,8,0,1,1,1,0,2,1,0,1,0,34,2,0,0,0,0,9,0,0,1,0,0,0,0,0.0,0,999,0,0,0,0,0,0,0,0,1,0,0,0,0,0,0,0,0,0,0,99,0
410302,1,0,1,71,11,5,2015,1,5,4,45.22879444,-123.2836556,1,0,1,1,1,0,2,2,0,1,0,24,0,1,0,0,0,9,1,0,0,0,0,0,0,0.0,0,999,0,0,0,0,1,0,0,0,0,0,0,0,0,0,0,0,0,0,1,99,0
410303,1,0,1,43,11,7,2015,3,5,4,44.669675,-122.8043694,34,0,1,1,4,0,2,10,0,1,1,40,1,0,0,0,0,9,0,0,0,0,0,0,0,0.0,0,999,1,0,0,0,9,0,0,1,0,0,0,0,0,0,0,0,0,0,0,99,0
410304,1,0,1,1,11,7,2015,18,4,3,44.74583889,-117.8357361,1,0,1,1,4,0,2,1,0,1,1,69,1,0,0,0,0,9,1,0,0,0,0,0,0,0.0,0,999,1,1,0,0,9,0,1,0,0,0,0,0,0,0,0,0,0,0,0,99,0
410305,1,0,1,57,11,2,2015,18,3,3,45.05197222,-123.7777667,42,0,1,1,4,0,2,98,0,1,0,65,0,1,0,0,0,0,1,0,0,0,0,0,0,0.0,0,999,0,0,0,0,0,0,1,0,0,0,0,0,0,0,0,0,0,0,0,0,0
410306,1,0,2,51,11,3,2015,4,3,3,45.47130833,-122.6397611,42,0,1,1,4,0,3,2,0,1,1,38,2,0,0,0,0,9,1,0,0,0,0,0,0,0.0,0,999,1,0,1,0,1,99,1,0,0,0,0,0,0,0,0,0,0,0,0,99,0
410307,2,0,3,17,11,3,2015,20,3,2,43.79218056,-121.4451111,12,2,1,1,1,0,3,1,0,3,0,43,2,1,0,0,0,9,1,1,0,0,0,0,0,0.0,0,999,0,0,0,0,1,0,0,0,0,0,0,0,1,0,0,0,0,0,0,99,0
410308,1,1,1,39,11,5,2015,21,3,3,44.093,-123.1626,9,0,1,1,1,0,2,1,0,1,0,51,1,1,0,0,0,9,0,1,0,0,0,0,0,0.0,0,999,0,0,0,0,0,0,0,0,1,0,0,0,0,0,0,0,0,0,0,99,0
410309,1,0,2,53,11,1,2015,2,3,3,44.93267778,-123.1423361,1,0,1,1,4,0,3,1,0,1,1,26,2,0,0,0,0,9,1,0,0,0,0,0,0,0.0,0,999,1,0,0,0,1,0,0,0,0,0,0,0,0,0,0,0,0,0,1,99,1
410310,2,0,3,67,11,1,2015,18,4,4,45.39993889,-122.8518667,12,2,1,1,1,0,2,1,0,1,1,42,2,1,0,0,0,9,2,0,0,0,0,0,0,0.0,0,999,1,0,0,1,9,0,0,0,0,0,0,0,1,0,0,0,0,0,0,99,0
410311,2,0,2,47,11,4,2015,10,5,4,44.94850556,-122.8902583,12,2,1,1,1,0,1,2,0,1,0,38,2,0,0,0,0,9,1,1,0,0,0,0,0,0.0,0,999,0,0,0,0,9,0,0,0,0,0,0,0,1,0,0,0,0,0,0,99,0
410312,1,0,1,11,11,7,2015,99,7,8,43.19112778,-124.0106833,42,0,1,1,4,0,9,3,0,1,1,37,1,0,0,0,0,9,0,1,0,0,0,0,0,0.0,0,999,1,0,0,0,9,0,0,1,0,0,0,0,0,0,0,0,0,0,0,99,0
410313,1,1,1,17,11,2,2015,17,4,6,44.2535,-121.1874056,8,0,3,3,1,0,2,10,0,1,0,61,1,1,0,0,0,0,1,0,0,0,0,0,0,0.0,0,999,0,1,0,0,9,0,0,0,1,0,0,0,0,0,0,0,0,0,0,0,0
410314,1,0,1,35,11,3,2015,15,3,2,43.26301389,-121.781575,34,0,1,1,4,0,1,4,0,1,0,40,1,0,0,0,0,9,0,0,1,0,0,0,0,0.0,1,999,0,0,0,0,1,0,0,1,0,0,0,0,0,0,0,0,0,0,0,99,0
410315,1,0,1,53,5,4,2015,14,5,4,44.86855556,-123.398325,1,0,1,1,4,0,1,1,0,1,0,74,1,0,0,0,0,0,0,0,0,0,0,0,1,0.0,99,999,0,0,0,0,9,99,1,0,0,0,0,0,0,0,0,0,0,0,0,99,0
410316,7,0,8,5,6,3,2015,19,3,1,45.43343056,-122.5673194,12,6,3,2,1,0,1,1,0,1,1,38,4,4,0,0,0,9,6,0,1,0,0,0,0,0.0,1,999,1,1,0,3,1,0,0,0,0,0,0,1,0,0,0,0,0,0,1,0,0
410317,2,0,2,19,6,1,2015,9,3,6,43.24426111,-123.35285,12,6,2,3,1,0,1,1,0,1,0,25,2,0,0,0,0,9,1,0,0,0,0,0,0,1.0,1,999,0,1,0,1,0,99,0,0,0,0,0,0,0,0,0,0,1,0,0,99,0
410318,2,0,2,43,7,3,2015,21,3,3,44.55566111,-123.0490667,12,6,2,2,1,0,3,1,0,1,0,38,2,0,0,0,0,0,1,0,0,0,0,0,0,1.0,0,999,0,1,0,1,9,99,0,0,0,0,0,0,0,0,0,0,1,0,0,99,0
410319,1,2,1,47,8,5,2015,21,4,6,44.96225278,-123.0249389,8,0,3,2,1,0,3,1,0,1,0,67,2,1,0,0,0,0,1,0,0,0,0,0,0,0.0,0,999,0,0,0,0,9,0,0,0,1,0,0,0,0,0,0,0,0,0,0,99,0
410320,2,0,2,67,8,6,2015,13,4,6,45.40281667,-122.7537889,12,6,8,1,1,0,1,1,0,1,1,38,2,0,0,0,0,9,0,0,0,0,0,0,0,1.0,99,999,1,0,0,2,9,99,0,0,0,0,0,0,0,0,0,1,0,0,0,99,0
410321,1,0,2,57,8,7,2015,20,5,4,45.24284722,-123.5953,1,0,1,1,5,0,2,1,0,1,1,27,2,0,0,0,0,9,1,0,0,0,0,0,0,0.0,0,999,1,1,0,0,9,99,1,0,0,0,0,0,0,0,0,0,0,0,0,99,1
410322,1,1,1,5,8,1,2015,21,3,3,45.42551667,-122.6338917,8,0,1,1,1,0,2,1,0,1,0,50,0,2,0,0,0,9,1,0,0,0,0,0,0,0.0,0,999,0,0,0,1,0,0,0,0,1,0,0,0,0,0,0,0,0,0,0,0,0
410323,1,0,1,39,8,2,2015,7,5,4,43.91434444,-122.8101556,1,0,1,1,4,0,1,98,0,1,0,51,1,0,0,0,0,0,0,0,0,0,0,0,0,0.0,99,999,0,0,0,0,9,99,0,0,0,0,0,0,0,0,0,0,0,0,1,99,71
410324,2,0,13,43,9,5,2015,13,3,2,44.39471944,-122.1060194,12,2,1,1,1,0,1,1,1,1,0,20,11,2,0,0,0,9,0,1,0,0,0,1,0,0.0,0,999,0,0,0,0,0,0,0,0,0,0,0,0,1,0,0,0,0,0,0,99,0
410325,1,2,1,71,9,3,2015,19,5,4,45.33070833,-123.0592083,9,0,1,1,1,0,5,1,0,2,0,58,1,2,0,0,0,0,0,0,1,0,0,0,0,0.0,0,999,0,0,0,1,9,99,0,0,1,0,0,0,0,0,0,0,0,0,0,0,0
410326,1,1,1,51,9,7,2015,0,3,3,45.50356667,-122.5787056,15,0,1,1,1,0,3,1,0,1,0,53,2,0,0,0,0,9,0,1,0,0,0,0,0,0.0,0,999,0,0,0,0,9,0,0,0,1,0,0,0,0,0,0,0,0,0,0,99,0
410327,1,0,2,39,10,5,2015,21,3,2,43.96764722,-124.1081472,1,0,2,3,1,0,2,1,0,1,1,79,1,1,0,0,0,9,0,0,0,0,0,0,0,0.0,0,999,1,0,0,0,9,99,0,0,0,0,0,0,0,0,0,0,0,0,1,99,1
410328,1,1,1,39,10,2,2015,11,4,6,44.10345,-123.1467306,8,0,3,3,1,0,1,1,0,1,0,70,2,0,0,0,0,9,0,1,0,0,0,0,0,0.0,0,999,0,0,0,0,9,99,0,0,1,0,0,0,0,0,0,0,0,0,0,99,0
410329,3,0,5,19,11,7,2015,14,3,2,43.66194722,-124.1876611,12,2,1,1,1,0,1,2,0,1,0,43,1,4,0,0,0,0,1,1,1,0,0,0,0,0.0,1,999,0,1,0,1,9,99,0,0,0,0,0,0,1,0,0,0,0,0,1,99,0
410330,3,0,5,47,11,1,2015,2,4,3,45.12212222,-122.8573583,12,1,1,1,1,0,3,2,0,1,1,36,3,2,0,0,1,9,0,1,1,0,0,0,0,0.0,1,999,1,1,0,1,9,0,0,0,0,1,0,0,0,0,0,0,0,0,0,99,0
410331,1,1,1,43,11,1,2015,0,3,3,44.564,-123.2242389,8,0,1,1,1,0,2,98,0,1,0,31,2,0,0,0,0,9,0,0,1,0,0,0,0,0.0,0,999,0,0,0,0,9,99,0,0,1,0,0,0,0,0,0,0,0,0,0,99,0