ST_CASE,VE_TOTAL,PEDS,PERSONS,COUNTY,MONTH,DAY_WEEK,YEAR,HOUR,FUNC_SYS,ROUTE,LATITUDE,LONGITUD,HARM_EV,MAN_COLL,RELJCT2,TYP_INT,REL_ROAD,WRK_ZONE,LGT_COND,WEATHER,SCH_BUS,FATALS,DRUNK_DR,AGE,SEX_1,SEX_2,SEX_8,SEX_9,REST_MIS,DRUGS,BT_Sedan,BT_Pickup,BT_SUV_Van,BT_Motorcyle,BT_Truck,BT_Bus,BT_Unknown_Other,BT_Motorcycle,OOS_REG,TRAV_SP,DR_DRINK,PREV_ACC,PREV_DWI,PREV_SPD,SPEED_REL,VSPD_LIM,ACC_TYPE_A,ACC_TYPE_B,ACC_TYPE_C,ACC_TYPE_D,ACC_TYPE_E,ACC_TYPE_F,ACC_TYPE_G,ACC_TYPE_H,ACC_TYPE_I,ACC_TYPE_J,ACC_TYPE_K,ACC_TYPE_L,ACC_TYPE_M,MDRDSTRD,MVIOLATN
410332,1,0,2,39,11,4,2015,1,7,4,44.22686667,-123.2499917,30,0,1,1,4,0,2,1,0,1,1,35,2,0,0,0,0,9,1,0,0,0,0,0,0,0.0,0,999,1,0,0,0,1,99,0,0,0,0,0,0,0,0,0,0,0,0,1,99,1
410333,11,0,14,59,11,3,2015,18,1,1,45.75349167,-119.1501861,12,1,1,1,1,0,2,7,0,1,0,42,12,2,0,0,0,9,4,2,0,0,5,0,0,0.0,1,999,0,0,0,6,1,0,0,0,0,1,0,0,0,0,0,0,0,0,1,99,0
410334,3,0,3,33,11,4,2015,15,5,3,42.15831944,-123.5654722,12,6,2,3,1,0,1,1,0,1,1,44,2,1,0,0,0,9,1,1,0,0,0,0,0,0.0,1,999,1,1,0,1,1,0,0,0,0,0,0,0,0,0,0,1,0,0,1,0,0
410335,1,0,1,67,11,4,2015,14,7,4,45.50925278,-123.0173972,42,0,3,3,4,0,1,1,0,1,0,77,1,0,0,0,0,9,0,1,0,0,0,0,0,0.0,0,999,0,0,0,0,9,0,1,0,0,0,0,0,0,0,0,0,0,0,0,99,0
410336,1,1,1,5,11,4,2015,17,5,3,45.38523611,-122.4535889,8,0,1,1,1,0,2,1,0,1,0,34,2,0,0,0,0,9,0,1,0,0,0,0,0,0.0,0,999,0,0,0,3,0,0,0,0,1,0,0,0,0,0,0,0,0,0,0,99,0
410337,1,0,3,45,11,5,2015,7,3,2,43.13765833,-117.0455917,1,0,1,1,4,0,2,1,0,1,0,49,1,2,0,0,0,9,0,0,1,0,0,0,0,0.0,1,999,0,0,0,0,1,0,1,0,0,0,0,0,0,0,0,0,0,0,0,99,0
410338,3,0,5,7,11,1,2015,17,3,2,45.85869722,-123.5538056,12,1,1,1,1,0,5,1,0,1,1,25,3,2,0,0,0,0,1,1,1,0,0,0,0,0.0,1,999,1,0,0,0,9,99,0,0,0,1,0,0,0,0,0,0,0,0,1,99,0
410339,2,0,2,47,11,4,2015,23,3,4,44.97918611,-122.9568056,12,2,1,1,1,0,2,10,0,1,1,30,2,0,0,0,0,9,2,0,0,0,0,0,0,0.0,0,999,1,0,0,1,0,0,0,0,0,0,0,0,1,0,0,0,0,0,0,99,0
410340,1,0,1,5,11,5,2015,23,4,3,45.12440278,-122.6228861,1,0,1,1,1,0,2,1,0,1,1,65,1,0,0,0,0,9,0,0,1,0,0,0,0,0.0,0,999,1,0,0,0,9,0,0,0,0,0,0,0,0,0,0,0,0,0,1,99,0
410341,3,0,9,43,12,5,2015,16,3,3,44.55508056,-123.0087333,12,6,2,3,1,0,1,1,0,1,0,32,4,5,0,0,0,9,2,0,1,0,0,0,0,0.0,1,999,0,1,0,2,9,99,0,0,0,0,0,0,0,0,0,0,1,0,1,99,0
410342,2,0,2,59,12,5,2015,12,7,7,45.55141111,-118.7868389,12,6,2,3,1,0,1,10,0,1,0,58,2,0,0,0,0,9,1,0,0,0,1,0,0,0.0,1,999,0,0,0,0,0,0,0,0,0,0,0,0,0,0,0,1,0,0,0,99,0
410343,1,0,1,49,12,6,2015,6,1,1,45.81268611,-119.933625,17,0,1,1,4,0,2,10,0,1,0,34,1,0,0,0,0,9,0,1,0,0,0,0,0,0.0,0,999,0,0,0,0,9,0,1,0,0,0,0,0,0,0,0,0,0,0,0,99,0
410344,3,0,3,51,12,6,2015,6,4,6,45.51915,-122.4990444,12,6,2,2,1,0,3,2,0,1,0,36,2,1,0,0,0,0,3,0,0,0,0,0,0,0.0,1,999,0,0,0,0,1,0,0,0,0,0,0,0,0,0,0,0,1,0,1,99,0
410345,2,0,3,59,12,7,2015,16,4,3,45.85260278,-119.2515222,12,6,8,1,1,0,2,10,0,1,0,38,3,0,0,0,0,9,1,0,0,0,1,0,0,0.0,1,999,0,0,0,0,9,0,0,0,0,0,0,0,0,0,0,0,0,0,1,99,0
410346,1,0,1,39,12,7,2015,9,3,3,43.73795,-122.4544444,42,0,1,1,4,0,1,1,0,1,0,47,1,0,0,0,0,9,0,0,0,0,1,0,0,0.0,1,999,0,0,0,1,9,0,1,0,0,0,0,0,0,0,0,0,0,0,0,99,0
410347,1,0,1,51,12,2,2015,14,3,6,45.52635278,-122.5687583,30,0,3,3,4,0,1,10,0,1,0,49,1,0,0,0,0,9,0,0,1,0,0,0,0,0.0,1,999,0,0,0,0,9,0,1,0,0,0,0,0,0,0,0,0,0,0,0,99,0
410348,2,0,3,53,12,5,2015,17,4,3,45.01418889,-123.2080806,12,6,1,1,1,0,2,10,0,2,1,48,1,2,0,0,0,9,2,0,0,0,0,0,0,0.0,0,999,1,1,0,0,9,0,0,0,0,0,0,0,0,0,1,0,0,0,0,99,0
410349,2,0,5,17,12,6,2015,20,3,2,43.86188889,-121.4086944,12,2,1,1,1,0,2,4,0,1,0,27,3,2,0,0,0,0,0,1,0,0,1,0,0,0.0,1,999,0,0,0,0,1,0,0,0,0,0,0,0,1,0,0,0,0,0,0,99,0
410350,1,1,2,7,12,6,2015,18,4,2,46.16211667,-123.8386333,8,0,1,1,1,0,2,1,0,1,0,31,2,1,0,0,0,9,0,0,0,0,0,0,0,0.0,0,999,0,1,0,0,9,99,0,0,1,0,0,0,0,0,0,0,0,0,0,99,0
410351,2,0,2,53,12,5,2015,16,3,3,44.98518056,-123.3318556,12,2,1,1,1,0,5,10,0,1,0,44,1,1,0,0,0,9,0,0,2,0,0,0,0,0.0,0,999,0,1,0,1,9,0,0,0,0,0,0,0,1,0,0,0,0,0,0,99,0
410352,1,0,1,51,12,1,2015,8,3,2,45.57714444,-122.7614083,1,0,1,1,4,0,1,2,0,1,0,41,1,0,0,0,0,9,0,0,0,0,1,0,0,0.0,1,999,0,0,0,1,9,0,1,0,0,0,0,0,0,0,0,0,0,0,0,99,0
410353,1,1,2,51,12,7,2015,20,3,2,45.57080278,-122.6220806,9,0,3,3,1,0,3,2,0,1,0,26,3,0,0,0,0,9,1,0,0,0,0,0,0,0.0,1,999,0,1,0,0,0,0,0,0,1,0,0,0,0,0,0,0,0,0,0,99,1
410354,1,0,2,41,12,4,2015,20,4,6,44.98164444,-123.997725,42,0,3,3,4,0,2,98,0,1,0,25,1,1,0,0,0,0,1,0,0,0,0,0,0,0.0,0,999,0,0,0,0,9,0,0,0,1,0,0,0,0,0,0,0,0,0,0,99,0
410355,3,0,4,1,12,5,2015,9,1,1,44.56679722,-117.4339333,12,6,1,1,1,0,1,4,0,2,0,26,1,3,0,0,0,9,0,0,1,0,1,0,0,0.0,1,999,0,1,0,3,9,0,0,0,0,0,0,0,0,0,1,0,0,0,0,99,0
410356,1,0,1,67,12,5,2015,11,5,4,45.56940556,-123.0539306,42,0,1,1,4,0,1,2,0,1,0,64,1,0,0,0,0,0,1,0,0,0,0,0,0,0.0,0,999,0,0,0,0,9,0,0,0,0,0,0,0,0,0,0,0,0,0,1,99,0
410357,1,0,1,33,12,6,2015,23,6,4,42.274825,-123.5555583,42,0,1,1,4,0,2,2,0,1,1,28,1,0,0,0,0,9,1,0,0,0,0,0,0,0.0,0,999,1,0,0,0,9,0,0,0,0,0,0,0,0,0,0,0,0,0,1,99,0
410358,1,0,1,39,12,7,2015,2,5,4,43.91751389,-123.0558722,30,0,1,1,4,0,2,2,0,1,1,44,1,0,0,0,0,9,0,1,0,0,0,0,0,0.0,0,999,1,0,0,0,1,0,0,0,0,0,0,0,0,0,0,0,0,0,1,99,0
410359,3,0,5,71,12,2,2015,16,4,3,45.15499444,-123.1990306,12,2,1,1,1,0,1,10,0,1,0,53,2,3,0,0,0,9,2,0,1,0,0,0,0,0.0,0,999,0,0,0,0,9,0,0,0,0,0,0,0,1,0,0,0,0,0,1,99,0
410360,2,0,3,29,5,3,2015,9,5,4,42.42828056,-123.1614139,12,2,1,1,1,0,1,98,1,1,0,56,2,1,0,0,0,9,0,0,0,0,1,1,0,0.0,1,999,0,0,0,0,9,0,0,0,0,0,0,0,1,0,0,0,0,0,0,99,0
410361,2,0,2,3,12,4,2015,7,4,3,44.38439722,-123.286925,12,2,1,1,1,0,1,10,0,2,0,39,2,0,0,0,0,1,0,0,2,0,0,0,0,0.0,1,999,0,0,0,0,9,0,0,0,0,0,0,0,1,0,0,0,0,0,0,99,0
410362,2,0,3,9,12,4,2015,7,3,2,46.11515,-123.2723472,12,2,1,1,1,0,1,2,0,1,0,47,2,1,0,0,0,9,1,0,0,0,1,0,0,0.0,1,999,0,1,0,0,9,0,0,0,0,0,0,0,1,0,0,0,0,0,0,99,0
410363,2,0,2,17,12,4,2015,9,3,2,44.22500833,-121.4473194,12,6,1,1,1,0,1,4,0,1,0,72,1,1,0,0,0,0,1,1,0,0,0,0,0,0.0,1,999,0,0,0,0,1,0,0,0,0,0,0,0,0,0,1,0,0,0,0,99,0
410364,2,0,4,33,12,5,2015,9,3,2,42.25212778,-123.6259139,12,6,1,1,1,0,1,4,0,1,0,50,1,3,0,0,0,9,2,0,0,0,0,0,0,0.0,1,999,0,0,0,0,1,0,0,0,0,0,0,0,0,0,1,0,0,0,0,99,76
410365,3,0,4,5,12,5,2015,16,4,3,45.38705833,-122.4399,12,6,1,1,1,0,5,2,0,1,1,49,2,2,0,0,0,9,2,0,1,0,0,0,0,0.0,0,999,1,1,0,1,0,0,0,0,0,0,0,0,0,0,1,0,0,0,1,99,0
410366,2,0,4,39,12,6,2015,18,5,4,44.02627778,-123.3026694,12,6,2,2,1,0,2,10,0,1,0,27,2,2,0,0,0,9,0,1,1,0,0,0,0,0.0,0,999,0,0,0,1,1,0,0,0,0,0,0,0,0,0,0,0,0,1,0,99,0
410367,1,0,1,43,12,7,2015,7,4,2,44.49717778,-122.8464528,53,0,1,1,4,0,2,5,0,1,0,21,1,0,0,0,0,9,0,0,1,0,0,0,0,0.0,0,999,0,0,0,1,9,0,0,1,0,0,0,0,0,0,0,0,0,0,0,99,0
410368,1,0,2,13,12,7,2015,17,5,4,44.23615833,-120.8037806,39,0,1,1,4,0,2,1,0,1,0,50,1,1,0,0,0,9,0,0,1,0,0,0,0,0.0,0,999,0,0,0,0,0,0,1,0,0,0,0,0,0,0,0,0,0,0,0,99,0
410369,1,1,1,41,12,2,2015,19,3,2,44.61155,-124.0507611,8,0,1,1,1,0,3,2,0,1,0,56,2,0,0,0,0,9,0,1,0,0,0,0,0,0.0,0,999,0,0,0,0,0,0,0,0,1,0,0,0,0,0,0,0,0,0,0,99,0
410370,2,0,4,19,1,6,2015,15,3,3,43.67326389,-123.6520778,12,2,1,1,1,0,1,1,0,1,0,43,0,4,0,0,0,9,1,0,1,0,0,0,0,0.0,0,999,0,0,0,0,0,0,0,0,0,0,0,0,1,0,0,0,0,0,0,99,0
410371,1,0,2,5,2,3,2015,12,5,6,45.36526667,-122.6481,42,0,1,1,4,0,1,1,0,1,0,71,1,1,0,0,0,0,1,0,0,0,0,0,0,0.0,0,999,0,0,0,0,0,0,1,0,0,0,0,0,0,0,0,0,0,0,0,99,0
410372,1,0,1,5,3,1,2015,1,3,2,45.34078611,-121.9325806,1,0,1,1,1,0,2,1,0,1,1,34,0,1,0,0,0,9,0,0,0,0,0,0,0,1.0,0,999,1,2,0,4,9,0,0,0,0,0,0,0,0,0,0,0,0,0,1,99,0
410373,1,0,1,33,5,2,2015,99,5,4,42.53608889,-123.4352361,42,0,1,1,4,0,1,98,0,1,1,25,1,0,0,0,0,9,1,0,0,0,0,0,0,0.0,0,999,1,0,0,0,1,99,0,1,0,0,0,0,0,0,0,0,0,0,0,99,0
410374,2,0,4,9,5,2,2015,10,3,2,46.06258611,-122.8955806,12,2,1,1,1,0,1,1,0,1,0,13,2,2,0,0,0,9,2,0,0,0,0,0,0,0.0,0,999,0,0,0,2,9,0,0,0,0,0,0,0,1,0,0,0,0,0,0,99,0
410375,1,0,3,71,5,2,2015,3,5,4,45.22780556,-123.2722528,42,0,1,1,4,0,2,98,0,1,1,20,3,0,0,0,0,9,1,0,0,0,0,0,0,0.0,1,999,1,0,0,0,9,99,1,0,0,0,0,0,0,0,0,0,0,0,0,99,0
410376,1,0,1,67,5,4,2015,9,4,3,45.63145556,-123.3643556,1,0,1,1,4,0,1,1,0,1,1,42,1,0,0,0,0,9,0,1,0,0,0,0,0,0.0,0,999,1,0,0,0,9,0,0,1,0,0,0,0,0,0,0,0,0,0,0,99,0
410377,2,0,4,71,7,4,2015,17,5,4,45.29433611,-123.2045611,12,6,2,2,1,0,1,1,0,2,0,18,2,2,0,0,0,9,1,0,1,0,0,0,0,0.0,99,999,0,0,0,0,9,0,0,0,0,0,0,0,0,0,0,0,0,1,0,99,0
410378,1,0,1,5,4,5,2015,16,4,3,45.14945278,-122.6200139,42,0,1,1,4,0,1,1,0,1,0,57,0,1,0,0,0,0,0,0,1,0,0,0,0,0.0,0,999,0,0,0,0,0,0,0,0,1,0,0,0,0,0,0,0,0,0,0,99,0
410380,2,0,2,67,6,5,2015,15,3,3,45.42688889,-122.7783528,12,6,2,2,1,0,1,98,0,1,1,69,2,0,0,0,0,9,1,0,0,0,0,0,0,1.0,0,999,1,1,0,0,9,99,0,0,0,0,0,0,0,0,0,1,0,0,0,99,0
410381,2,0,2,33,6,3,2015,9,7,4,42.38960833,-123.4061694,12,98,2,2,1,0,1,1,0,1,0,38,1,1,0,0,0,9,1,1,0,0,0,0,0,0.0,0,999,0,0,0,0,0,0,0,0,0,0,0,0,0,0,0,0,0,1,0,99,0
410382,1,0,1,39,7,7,2015,0,6,4,43.79849167,-123.2204167,1,0,1,1,4,0,2,1,0,1,1,27,1,0,0,0,0,9,0,0,1,0,0,0,0,0.0,1,999,1,0,0,0,9,99,0,0,0,0,0,0,0,0,0,0,0,0,1,99,0
410383,1,0,1,51,8,3,2015,1,3,6,45.5264,-122.4949417,30,0,1,1,4,0,3,98,0,1,0,54,1,0,0,0,0,1,1,0,0,0,0,0,0,0.0,99,999,0,0,0,0,9,99,0,1,0,0,0,0,0,0,0,0,0,0,0,99,0
410384,2,0,3,51,8,1,2015,2,4,6,45.54536111,-122.6666667,12,98,2,2,1,0,2,98,0,1,1,30,2,1,0,0,0,9,0,0,0,0,0,0,0,1.0,1,999,1,0,0,2,9,0,0,0,0,0,0,0,0,0,0,0,0,0,1,99,99
410385,1,0,1,9,8,4,2015,16,5,4,45.99021667,-122.9185278,1,0,1,1,1,0,1,98,0,1,0,59,1,0,0,0,0,9,0,0,0,0,0,0,0,1.0,99,999,0,0,0,1,9,99,0,0,0,0,0,0,0,0,0,0,0,0,1,99,0
410386,1,0,2,47,9,7,2015,20,5,6,44.99200833,-123.0387694,5,0,1,1,1,0,3,1,0,1,1,33,2,0,0,0,0,9,0,1,0,0,0,0,0,0.0,0,999,1,0,0,0,0,0,1,0,0,0,0,0,0,0,0,0,0,0,0,99,0
410387,2,0,2,29,9,5,2015,13,4,4,42.351925,-122.899175,12,2,1,1,1,0,1,1,0,1,1,47,1,1,0,0,0,0,1,0,0,0,0,0,0,0.0,0,999,1,1,0,1,9,99,0,0,0,0,0,0,1,0,0,0,0,0,0,99,0
410388,2,0,2,5,9,4,2015,7,3,2,45.37718333,-122.1112806,57,0,1,1,3,0,1,1,0,1,0,66,2,0,0,0,0,9,0,0,0,0,0,0,0,2.0,0,999,0,0,0,3,9,0,0,1,0,0,0,0,0,0,0,0,0,0,1,99,0
410390,1,1,1,29,9,7,2015,1,4,4,42.40405,-122.8853583,8,0,1,1,1,0,2,98,0,1,1,38,2,0,0,0,0,1,1,0,0,0,0,0,0,0.0,0,999,1,0,0,1,0,99,0,0,1,0,0,0,0,0,0,0,0,0,0,99,1
410391,2,0,2,7,9,7,2015,11,5,3,46.17134722,-123.8173444,12,6,1,1,1,0,1,1,0,1,0,26,1,1,0,0,1,0,1,1,0,0,0,0,0,0.0,0,999,0,1,0,1,0,0,0,0,0,0,0,0,0,0,1,0,0,0,0,1,0
410392,1,0,2,33,9,3,2015,14,3,2,42.36386111,-123.5324889,1,0,1,1,4,0,1,1,0,1,0,62,0,2,0,0,0,9,1,0,0,0,0,0,0,0.0,0,999,0,0,0,0,0,0,0,0,0,0,0,0,0,0,0,0,0,0,1,99,0
410393,1,1,1,47,9,6,2015,7,4,6,44.99699722,-123.035225,8,0,1,1,1,0,1,98,0,1,0,58,1,1,0,0,0,9,0,1,0,0,0,0,0,0.0,0,999,0,0,0,0,0,0,0,0,1,0,0,0,0,0,0,0,0,0,0,99,0
410394,2,0,3,9,9,1,2015,16,5,6,45.84704722,-122.8190694,12,2,1,1,1,0,1,98,0,1,1,41,2,1,0,0,0,9,1,0,0,0,0,0,1,0.0,99,999,1,0,0,1,0,99,0,0,0,0,0,0,1,0,0,0,0,0,0,99,0
410395,1,1,1,11,9,3,2015,16,5,4,43.34107222,-124.3099444,8,0,1,1,1,0,1,98,0,1,0,66,2,0,0,0,0,9,0,0,1,0,0,0,0,0.0,0,999,0,0,0,1,0,99,0,0,1,0,0,0,0,0,0,0,0,0,0,99,7
410396,1,1,1,51,11,1,2015,3,3,6,45.50388333,-122.4163556,8,0,1,1,1,0,3,10,0,1,0,57,1,1,0,0,0,9,1,0,0,0,0,0,0,0.0,0,999,0,0,0,2,0,0,0,0,1,0,0,0,0,0,0,0,0,0,0,99,0
410397,2,0,4,19,12,3,2015,0,1,1,43.561775,-123.2810806,12,2,1,1,1,0,2,10,0,1,1,29,3,1,0,0,0,9,0,0,1,0,1,0,0,0.0,1,999,1,0,0,0,0,0,0,0,0,0,0,0,1,0,0,0,0,0,0,99,0
410398,1,0,3,61,12,3,2015,14,7,4,45.22377778,-117.929925,10,0,6,1,1,0,1,10,0,3,0,34,2,1,0,0,0,9,0,0,1,0,0,0,0,0.0,0,999,0,2,0,0,0,0,0,0,0,0,0,0,0,0,0,0,0,0,1,99,0
410399,2,0,2,53,12,5,2015,9,3,3,45.01480833,-123.4163972,12,6,1,1,1,0,1,10,0,1,0,63,1,1,0,0,0,9,0,1,1,0,0,0,0,0.0,0,999,0,0,0,1,0,0,0,0,0,0,0,0,0,0,1,0,0,0,0,99,0
410400,2,0,2,35,11,2,2015,0,5,4,42.23303056,-121.8251111,12,6,8,1,1,0,2,98,0,1,0,27,2,0,0,0,0,9,0,2,0,0,0,0,0,0.0,1,999,0,1,1,0,1,99,0,0,0,0,0,0,0,0,0,0,0,1,0,99,0
410401,1,0,1,11,10,6,2015,20,5,4,43.4827,-123.9332278,1,0,1,1,4,0,2,98,0,1,0,72,1,0,0,0,0,9,0,1,0,0,0,0,0,0.0,99,999,0,0,0,0,0,99,0,0,0,0,0,0,0,0,0,0,0,0,1,99,0
410402,2,1,2,19,11,6,2015,21,3,3,43.10759722,-123.5308667,8,0,1,1,1,0,2,1,0,1,0,44,3,0,0,0,0,0,1,0,1,0,0,0,0,0.0,0,999,0,2,0,2,0,0,0,0,1,0,0,0,0,0,0,0,0,0,1,99,0
410403,1,0,2,33,11,6,2015,9,5,3,42.11943333,-123.6099778,42,0,1,1,4,0,1,98,0,1,0,999,1,1,0,0,0,9,1,0,0,0,0,0,0,0.0,1,999,0,0,0,0,0,0,1,0,0,0,0,0,0,0,0,0,0,0,0,99,0
410404,1,0,2,71,11,7,2015,15,7,4,45.15147222,-123.1906694,1,0,1,1,4,0,1,1,0,1,1,45,1,1,0,0,0,9,1,0,0,0,0,0,0,0.0,0,999,1,0,0,0,0,99,0,0,0,0,0,0,0,0,0,0,0,0,1,99,1
410405,1,0,1,31,11,2,2015,23,6,4,44.75854444,-121.2665944,1,0,1,1,4,0,2,98,0,1,1,41,1,0,0,0,0,9,0,0,0,0,0,0,1,0.0,99,999,1,0,1,0,0,99,0,0,0,0,0,0,0,0,0,0,0,0,1,99,0
410406,1,0,1,31,12,1,2015,15,6,4,44.74815,-121.2271167,99,98,98,98,98,0,1,98,0,1,1,27,1,0,0,0,0,9,0,0,0,0,0,0,1,0.0,99,999,1,0,0,0,0,99,0,0,0,0,0,0,0,0,0,0,0,0,1,99,0
410407,1,0,2,9,12,4,2015,13,6,4,46.09689167,-123.0745694,3,0,1,1,1,0,1,2,0,1,0,77,1,1,0,0,0,9,0,0,1,0,0,0,0,0.0,0,999,0,0,0,0,0,99,1,0,0,0,0,0,0,0,0,0,0,0,0,99,0
410408,1,0,1,39,12,1,2015,19,5,4,43.79233056,-123.033025,1,0,1,1,4,0,2,2,0,1,1,44,1,0,0,0,0,9,0,0,1,0,0,0,0,0.0,0,999,1,0,0,0,0,0,0,1,0,0,0,0,0,0,0,0,0,0,0,99,0
410409,1,0,1,15,12,1,2015,2,5,4,42.55083056,-124.3733972,3,0,1,1,4,0,2,98,0,1,1,23,1,0,0,0,0,9,0,0,0,0,0,0,1,0.0,99,999,1,0,0,0,0,99,1,0,0,0,0,0,0,0,0,0,0,0,0,99,0
410410,1,0,1,39,12,4,2015,99,5,4,99.9999,999.9999,3,0,1,1,4,0,9,98,0,1,1,21,1,0,0,0,0,9,0,0,0,0,0,0,1,0.0,99,999,1,0,0,0,0,99,1,0,0,0,0,0,0,0,0,0,0,0,0,99,0
410411,1,0,2,39,12,6,2015,2,5,6,44.03416944,-123.0443778,1,0,3,2,4,0,2,10,0,1,1,28,2,0,0,0,0,9,1,0,0,0,0,0,0,0.0,1,999,1,0,0,2,1,0,1,0,0,0,0,0,0,0,0,0,0,0,0,99,0
410412,1,0,1,33,12,7,2015,15,7,4,42.3896,-123.4066611,3,0,1,1,4,0,1,98,0,1,1,54,1,0,0,0,0,9,0,0,0,0,0,0,0,1.0,1,999,1,0,1,0,0,99,1,0,0,0,0,0,0,0,0,0,0,0,0,99,0
410413,1,1,1,47,12,3,2015,17,3,3,44.92495556,-123.0159167,8,0,3,3,1,0,3,1,0,1,0,32,1,1,0,0,0,9,0,0,0,0,0,0,0,0.0,0,999,0,0,0,0,0,0,0,0,1,0,0,0,0,0,0,0,0,0,0,0,0
410414,2,1,2,53,12,4,2015,18,5,4,44.86374722,-123.215275,9,0,1,1,1,0,2,1,0,1,1,55,2,1,0,0,0,9,1,1,0,0,0,0,0,0.0,0,999,1,0,0,4,0,99,0,0,1,0,0,0,0,0,0,0,0,0,1,99,0
410415,1,1,1,11,12,5,2015,1,3,2,43.40465833,-124.2233389,8,0,1,1,1,0,2,98,0,1,1,57,2,0,0,0,0,9,0,0,1,0,0,0,0,0.0,0,999,1,0,0,0,0,99,0,0,1,0,0,0,0,0,0,0,0,0,0,99,0